index	label	network_label	label_7network	index_17network	label_17network	network_label_17network	atlas_name	network_id
1	LH_Vis_1	Vis	7Networks_LH_Vis_1	61.0	17Networks_LH_DorsAttnA_TempOcc_2	DorsAttnA	4S456	n/a
2	LH_Vis_2	Vis	7Networks_LH_Vis_2	193.0	17Networks_LH_DefaultC_PHC_2	DefaultC	4S456	n/a
3	LH_Vis_3	Vis	7Networks_LH_Vis_3	1.0	17Networks_LH_VisCent_ExStr_1	VisCent	4S456	n/a
4	LH_Vis_4	Vis	7Networks_LH_Vis_4	13.0	17Networks_LH_VisPeri_ExStrInf_1	VisPeri	4S456	n/a
5	LH_Vis_5	Vis	7Networks_LH_Vis_5	2.0	17Networks_LH_VisCent_ExStr_2	VisCent	4S456	n/a
6	LH_Vis_6	Vis	7Networks_LH_Vis_6	3.0	17Networks_LH_VisCent_ExStr_3	VisCent	4S456	n/a
7	LH_Vis_7	Vis	7Networks_LH_Vis_7	194.0	17Networks_LH_DefaultC_PHC_3	DefaultC	4S456	n/a
8	LH_Vis_8	Vis	7Networks_LH_Vis_8	63.0	17Networks_LH_DorsAttnA_TempOcc_4	DorsAttnA	4S456	n/a
9	LH_Vis_9	Vis	7Networks_LH_Vis_9	4.0	17Networks_LH_VisCent_ExStr_4	VisCent	4S456	n/a
10	LH_Vis_10	Vis	7Networks_LH_Vis_10	14.0	17Networks_LH_VisPeri_ExStrInf_2	VisPeri	4S456	n/a
11	LH_Vis_11	Vis	7Networks_LH_Vis_11	15.0	17Networks_LH_VisPeri_ExStrInf_3	VisPeri	4S456	n/a
12	LH_Vis_12	Vis	7Networks_LH_Vis_12	5.0	17Networks_LH_VisCent_ExStr_5	VisCent	4S456	n/a
13	LH_Vis_13	Vis	7Networks_LH_Vis_13	16.0	17Networks_LH_VisPeri_ExStrInf_4	VisPeri	4S456	n/a
14	LH_Vis_14	Vis	7Networks_LH_Vis_14	6.0	17Networks_LH_VisCent_ExStr_6	VisCent	4S456	n/a
15	LH_Vis_15	Vis	7Networks_LH_Vis_15	7.0	17Networks_LH_VisCent_Striate_1	VisCent	4S456	n/a
16	LH_Vis_16	Vis	7Networks_LH_Vis_16	17.0	17Networks_LH_VisPeri_ExStrInf_5	VisPeri	4S456	n/a
17	LH_Vis_17	Vis	7Networks_LH_Vis_17	8.0	17Networks_LH_VisCent_ExStr_7	VisCent	4S456	n/a
18	LH_Vis_18	Vis	7Networks_LH_Vis_18	18.0	17Networks_LH_VisPeri_StriCal_1	VisPeri	4S456	n/a
19	LH_Vis_19	Vis	7Networks_LH_Vis_19	9.0	17Networks_LH_VisCent_ExStr_8	VisCent	4S456	n/a
20	LH_Vis_20	Vis	7Networks_LH_Vis_20	189.0	17Networks_LH_DefaultC_Rsp_1	DefaultC	4S456	n/a
21	LH_Vis_21	Vis	7Networks_LH_Vis_21	19.0	17Networks_LH_VisPeri_StriCal_2	VisPeri	4S456	n/a
22	LH_Vis_22	Vis	7Networks_LH_Vis_22	20.0	17Networks_LH_VisPeri_ExStrSup_1	VisPeri	4S456	n/a
23	LH_Vis_23	Vis	7Networks_LH_Vis_23	10.0	17Networks_LH_VisCent_ExStr_9	VisCent	4S456	n/a
24	LH_Vis_24	Vis	7Networks_LH_Vis_24	11.0	17Networks_LH_VisCent_ExStr_10	VisCent	4S456	n/a
25	LH_Vis_25	Vis	7Networks_LH_Vis_25	21.0	17Networks_LH_VisPeri_ExStrSup_2	VisPeri	4S456	n/a
26	LH_Vis_26	Vis	7Networks_LH_Vis_26	22.0	17Networks_LH_VisPeri_ExStrSup_3	VisPeri	4S456	n/a
27	LH_Vis_27	Vis	7Networks_LH_Vis_27	12.0	17Networks_LH_VisCent_ExStr_11	VisCent	4S456	n/a
28	LH_Vis_28	Vis	7Networks_LH_Vis_28	65.0	17Networks_LH_DorsAttnA_ParOcc_2	DorsAttnA	4S456	n/a
29	LH_Vis_29	Vis	7Networks_LH_Vis_29	23.0	17Networks_LH_VisPeri_ExStrSup_4	VisPeri	4S456	n/a
30	LH_Vis_30	Vis	7Networks_LH_Vis_30	24.0	17Networks_LH_VisPeri_ExStrSup_5	VisPeri	4S456	n/a
31	LH_Vis_31	Vis	7Networks_LH_Vis_31	67.0	17Networks_LH_DorsAttnA_SPL_2	DorsAttnA	4S456	n/a
32	LH_SomMot_1	SomMot	7Networks_LH_SomMot_1	44.0	17Networks_LH_SomMotB_Aud_1	SomMotB	4S456	n/a
33	LH_SomMot_2	SomMot	7Networks_LH_SomMot_2	45.0	17Networks_LH_SomMotB_Aud_2	SomMotB	4S456	n/a
34	LH_SomMot_3	SomMot	7Networks_LH_SomMot_3	46.0	17Networks_LH_SomMotB_Ins_1	SomMotB	4S456	n/a
35	LH_SomMot_4	SomMot	7Networks_LH_SomMot_4	47.0	17Networks_LH_SomMotB_S2_1	SomMotB	4S456	n/a
36	LH_SomMot_5	SomMot	7Networks_LH_SomMot_5	48.0	17Networks_LH_SomMotB_S2_2	SomMotB	4S456	n/a
37	LH_SomMot_6	SomMot	7Networks_LH_SomMot_6	49.0	17Networks_LH_SomMotB_Aud_3	SomMotB	4S456	n/a
38	LH_SomMot_7	SomMot	7Networks_LH_SomMot_7	50.0	17Networks_LH_SomMotB_Aud_4	SomMotB	4S456	n/a
39	LH_SomMot_8	SomMot	7Networks_LH_SomMot_8	51.0	17Networks_LH_SomMotB_S2_3	SomMotB	4S456	n/a
40	LH_SomMot_9	SomMot	7Networks_LH_SomMot_9	52.0	17Networks_LH_SomMotB_S2_4	SomMotB	4S456	n/a
41	LH_SomMot_10	SomMot	7Networks_LH_SomMot_10	53.0	17Networks_LH_SomMotB_S2_5	SomMotB	4S456	n/a
42	LH_SomMot_11	SomMot	7Networks_LH_SomMot_11	54.0	17Networks_LH_SomMotB_S2_6	SomMotB	4S456	n/a
43	LH_SomMot_12	SomMot	7Networks_LH_SomMot_12	55.0	17Networks_LH_SomMotB_Cent_1	SomMotB	4S456	n/a
44	LH_SomMot_13	SomMot	7Networks_LH_SomMot_13	56.0	17Networks_LH_SomMotB_Cent_2	SomMotB	4S456	n/a
45	LH_SomMot_14	SomMot	7Networks_LH_SomMot_14	57.0	17Networks_LH_SomMotB_Cent_3	SomMotB	4S456	n/a
46	LH_SomMot_15	SomMot	7Networks_LH_SomMot_15	74.0	17Networks_LH_DorsAttnB_PostC_2	DorsAttnB	4S456	n/a
47	LH_SomMot_16	SomMot	7Networks_LH_SomMot_16	58.0	17Networks_LH_SomMotB_Cent_4	SomMotB	4S456	n/a
48	LH_SomMot_17	SomMot	7Networks_LH_SomMot_17	59.0	17Networks_LH_SomMotB_Cent_5	SomMotB	4S456	n/a
49	LH_SomMot_18	SomMot	7Networks_LH_SomMot_18	25.0	17Networks_LH_SomMotA_1	SomMotA	4S456	n/a
50	LH_SomMot_19	SomMot	7Networks_LH_SomMot_19	26.0	17Networks_LH_SomMotA_2	SomMotA	4S456	n/a
51	LH_SomMot_20	SomMot	7Networks_LH_SomMot_20	27.0	17Networks_LH_SomMotA_3	SomMotA	4S456	n/a
52	LH_SomMot_21	SomMot	7Networks_LH_SomMot_21	28.0	17Networks_LH_SomMotA_4	SomMotA	4S456	n/a
53	LH_SomMot_22	SomMot	7Networks_LH_SomMot_22	29.0	17Networks_LH_SomMotA_5	SomMotA	4S456	n/a
54	LH_SomMot_23	SomMot	7Networks_LH_SomMot_23	30.0	17Networks_LH_SomMotA_6	SomMotA	4S456	n/a
55	LH_SomMot_24	SomMot	7Networks_LH_SomMot_24	31.0	17Networks_LH_SomMotA_7	SomMotA	4S456	n/a
56	LH_SomMot_25	SomMot	7Networks_LH_SomMot_25	32.0	17Networks_LH_SomMotA_8	SomMotA	4S456	n/a
57	LH_SomMot_26	SomMot	7Networks_LH_SomMot_26	33.0	17Networks_LH_SomMotA_9	SomMotA	4S456	n/a
58	LH_SomMot_27	SomMot	7Networks_LH_SomMot_27	78.0	17Networks_LH_DorsAttnB_PostC_6	DorsAttnB	4S456	n/a
59	LH_SomMot_28	SomMot	7Networks_LH_SomMot_28	34.0	17Networks_LH_SomMotA_10	SomMotA	4S456	n/a
60	LH_SomMot_29	SomMot	7Networks_LH_SomMot_29	35.0	17Networks_LH_SomMotA_11	SomMotA	4S456	n/a
61	LH_SomMot_30	SomMot	7Networks_LH_SomMot_30	36.0	17Networks_LH_SomMotA_12	SomMotA	4S456	n/a
62	LH_SomMot_31	SomMot	7Networks_LH_SomMot_31	37.0	17Networks_LH_SomMotA_13	SomMotA	4S456	n/a
63	LH_SomMot_32	SomMot	7Networks_LH_SomMot_32	38.0	17Networks_LH_SomMotA_14	SomMotA	4S456	n/a
64	LH_SomMot_33	SomMot	7Networks_LH_SomMot_33	39.0	17Networks_LH_SomMotA_15	SomMotA	4S456	n/a
65	LH_SomMot_34	SomMot	7Networks_LH_SomMot_34	40.0	17Networks_LH_SomMotA_16	SomMotA	4S456	n/a
66	LH_SomMot_35	SomMot	7Networks_LH_SomMot_35	41.0	17Networks_LH_SomMotA_17	SomMotA	4S456	n/a
67	LH_SomMot_36	SomMot	7Networks_LH_SomMot_36	42.0	17Networks_LH_SomMotA_18	SomMotA	4S456	n/a
68	LH_SomMot_37	SomMot	7Networks_LH_SomMot_37	43.0	17Networks_LH_SomMotA_19	SomMotA	4S456	n/a
69	LH_DorsAttn_Post_1	DorsAttn	7Networks_LH_DorsAttn_Post_1	60.0	17Networks_LH_DorsAttnA_TempOcc_1	DorsAttnA	4S456	n/a
70	LH_DorsAttn_Post_2	DorsAttn	7Networks_LH_DorsAttn_Post_2	62.0	17Networks_LH_DorsAttnA_TempOcc_3	DorsAttnA	4S456	n/a
71	LH_DorsAttn_Post_3	DorsAttn	7Networks_LH_DorsAttn_Post_3	121.0	17Networks_LH_ContA_Temp_1	ContA	4S456	n/a
72	LH_DorsAttn_Post_4	DorsAttn	7Networks_LH_DorsAttn_Post_4	64.0	17Networks_LH_DorsAttnA_ParOcc_1	DorsAttnA	4S456	n/a
73	LH_DorsAttn_Post_5	DorsAttn	7Networks_LH_DorsAttn_Post_5	66.0	17Networks_LH_DorsAttnA_SPL_1	DorsAttnA	4S456	n/a
74	LH_DorsAttn_Post_6	DorsAttn	7Networks_LH_DorsAttn_Post_6	75.0	17Networks_LH_DorsAttnB_PostC_3	DorsAttnB	4S456	n/a
75	LH_DorsAttn_Post_7	DorsAttn	7Networks_LH_DorsAttn_Post_7	68.0	17Networks_LH_DorsAttnA_SPL_3	DorsAttnA	4S456	n/a
76	LH_DorsAttn_Post_8	DorsAttn	7Networks_LH_DorsAttn_Post_8	76.0	17Networks_LH_DorsAttnB_PostC_4	DorsAttnB	4S456	n/a
77	LH_DorsAttn_Post_9	DorsAttn	7Networks_LH_DorsAttn_Post_9	126.0	17Networks_LH_ContA_IPS_5	ContA	4S456	n/a
78	LH_DorsAttn_Post_10	DorsAttn	7Networks_LH_DorsAttn_Post_10	69.0	17Networks_LH_DorsAttnA_SPL_4	DorsAttnA	4S456	n/a
79	LH_DorsAttn_Post_11	DorsAttn	7Networks_LH_DorsAttn_Post_11	77.0	17Networks_LH_DorsAttnB_PostC_5	DorsAttnB	4S456	n/a
80	LH_DorsAttn_Post_12	DorsAttn	7Networks_LH_DorsAttn_Post_12	70.0	17Networks_LH_DorsAttnA_SPL_5	DorsAttnA	4S456	n/a
81	LH_DorsAttn_Post_13	DorsAttn	7Networks_LH_DorsAttn_Post_13	71.0	17Networks_LH_DorsAttnA_SPL_6	DorsAttnA	4S456	n/a
82	LH_DorsAttn_Post_14	DorsAttn	7Networks_LH_DorsAttn_Post_14	72.0	17Networks_LH_DorsAttnA_SPL_7	DorsAttnA	4S456	n/a
83	LH_DorsAttn_Post_15	DorsAttn	7Networks_LH_DorsAttn_Post_15	79.0	17Networks_LH_DorsAttnB_PostC_7	DorsAttnB	4S456	n/a
84	LH_DorsAttn_Post_16	DorsAttn	7Networks_LH_DorsAttn_Post_16	80.0	17Networks_LH_DorsAttnB_PostC_8	DorsAttnB	4S456	n/a
85	LH_DorsAttn_Post_17	DorsAttn	7Networks_LH_DorsAttn_Post_17	81.0	17Networks_LH_DorsAttnB_PostC_9	DorsAttnB	4S456	n/a
86	LH_DorsAttn_FEF_1	DorsAttn	7Networks_LH_DorsAttn_FEF_1	82.0	17Networks_LH_DorsAttnB_FEF_1	DorsAttnB	4S456	n/a
87	LH_DorsAttn_FEF_2	DorsAttn	7Networks_LH_DorsAttn_FEF_2	83.0	17Networks_LH_DorsAttnB_FEF_2	DorsAttnB	4S456	n/a
88	LH_DorsAttn_FEF_3	DorsAttn	7Networks_LH_DorsAttn_FEF_3	84.0	17Networks_LH_DorsAttnB_FEF_3	DorsAttnB	4S456	n/a
89	LH_DorsAttn_FEF_4	DorsAttn	7Networks_LH_DorsAttn_FEF_4	127.0	17Networks_LH_ContA_PFCd_1	ContA	4S456	n/a
90	LH_DorsAttn_PrCv_1	DorsAttn	7Networks_LH_DorsAttn_PrCv_1	130.0	17Networks_LH_ContA_PFCl_1	ContA	4S456	n/a
91	LH_DorsAttn_PrCv_2	DorsAttn	7Networks_LH_DorsAttn_PrCv_2	85.0	17Networks_LH_DorsAttnB_PrCv_1	DorsAttnB	4S456	n/a
92	LH_SalVentAttn_ParOper_1	SalVentAttn	7Networks_LH_SalVentAttn_ParOper_1	86.0	17Networks_LH_SalVentAttnA_ParOper_1	SalVentAttnA	4S456	n/a
93	LH_SalVentAttn_ParOper_2	SalVentAttn	7Networks_LH_SalVentAttn_ParOper_2	87.0	17Networks_LH_SalVentAttnA_ParOper_2	SalVentAttnA	4S456	n/a
94	LH_SalVentAttn_ParOper_3	SalVentAttn	7Networks_LH_SalVentAttn_ParOper_3	73.0	17Networks_LH_DorsAttnB_PostC_1	DorsAttnB	4S456	n/a
95	LH_SalVentAttn_ParOper_4	SalVentAttn	7Networks_LH_SalVentAttn_ParOper_4	88.0	17Networks_LH_SalVentAttnA_ParOper_3	SalVentAttnA	4S456	n/a
96	LH_SalVentAttn_TempOcc_1	SalVentAttn	7Networks_LH_SalVentAttn_TempOcc_1	199.0	17Networks_LH_TempPar_5	TempPar	4S456	n/a
97	LH_SalVentAttn_FrOperIns_1	SalVentAttn	7Networks_LH_SalVentAttn_FrOperIns_1	120.0	17Networks_LH_LimbicA_TempPole_7	LimbicA	4S456	n/a
98	LH_SalVentAttn_FrOperIns_2	SalVentAttn	7Networks_LH_SalVentAttn_FrOperIns_2	89.0	17Networks_LH_SalVentAttnA_Ins_1	SalVentAttnA	4S456	n/a
99	LH_SalVentAttn_FrOperIns_3	SalVentAttn	7Networks_LH_SalVentAttn_FrOperIns_3	105.0	17Networks_LH_SalVentAttnB_Ins_2	SalVentAttnB	4S456	n/a
100	LH_SalVentAttn_FrOperIns_4	SalVentAttn	7Networks_LH_SalVentAttn_FrOperIns_4	90.0	17Networks_LH_SalVentAttnA_Ins_2	SalVentAttnA	4S456	n/a
101	LH_SalVentAttn_FrOperIns_5	SalVentAttn	7Networks_LH_SalVentAttn_FrOperIns_5	91.0	17Networks_LH_SalVentAttnA_Ins_3	SalVentAttnA	4S456	n/a
102	LH_SalVentAttn_FrOperIns_6	SalVentAttn	7Networks_LH_SalVentAttn_FrOperIns_6	92.0	17Networks_LH_SalVentAttnA_Ins_4	SalVentAttnA	4S456	n/a
103	LH_SalVentAttn_FrOperIns_7	SalVentAttn	7Networks_LH_SalVentAttn_FrOperIns_7	106.0	17Networks_LH_SalVentAttnB_Ins_3	SalVentAttnB	4S456	n/a
104	LH_SalVentAttn_FrOperIns_8	SalVentAttn	7Networks_LH_SalVentAttn_FrOperIns_8	93.0	17Networks_LH_SalVentAttnA_FrOper_1	SalVentAttnA	4S456	n/a
105	LH_SalVentAttn_FrOperIns_9	SalVentAttn	7Networks_LH_SalVentAttn_FrOperIns_9	94.0	17Networks_LH_SalVentAttnA_FrOper_2	SalVentAttnA	4S456	n/a
106	LH_SalVentAttn_PFCl_1	SalVentAttn	7Networks_LH_SalVentAttn_PFCl_1	102.0	17Networks_LH_SalVentAttnB_PFCl_2	SalVentAttnB	4S456	n/a
107	LH_SalVentAttn_Med_1	SalVentAttn	7Networks_LH_SalVentAttn_Med_1	108.0	17Networks_LH_SalVentAttnB_PFCmp_1	SalVentAttnB	4S456	n/a
108	LH_SalVentAttn_Med_2	SalVentAttn	7Networks_LH_SalVentAttn_Med_2	98.0	17Networks_LH_SalVentAttnA_FrMed_1	SalVentAttnA	4S456	n/a
109	LH_SalVentAttn_Med_3	SalVentAttn	7Networks_LH_SalVentAttn_Med_3	95.0	17Networks_LH_SalVentAttnA_ParMed_1	SalVentAttnA	4S456	n/a
110	LH_SalVentAttn_Med_4	SalVentAttn	7Networks_LH_SalVentAttn_Med_4	99.0	17Networks_LH_SalVentAttnA_FrMed_2	SalVentAttnA	4S456	n/a
111	LH_SalVentAttn_Med_5	SalVentAttn	7Networks_LH_SalVentAttn_Med_5	96.0	17Networks_LH_SalVentAttnA_ParMed_2	SalVentAttnA	4S456	n/a
112	LH_SalVentAttn_Med_6	SalVentAttn	7Networks_LH_SalVentAttn_Med_6	97.0	17Networks_LH_SalVentAttnA_ParMed_3	SalVentAttnA	4S456	n/a
113	LH_SalVentAttn_Med_7	SalVentAttn	7Networks_LH_SalVentAttn_Med_7	100.0	17Networks_LH_SalVentAttnA_FrMed_3	SalVentAttnA	4S456	n/a
114	LH_Limbic_OFC_1	Limbic	7Networks_LH_Limbic_OFC_1	109.0	17Networks_LH_LimbicB_OFC_1	LimbicB	4S456	n/a
115	LH_Limbic_OFC_2	Limbic	7Networks_LH_Limbic_OFC_2	110.0	17Networks_LH_LimbicB_OFC_2	LimbicB	4S456	n/a
116	LH_Limbic_OFC_3	Limbic	7Networks_LH_Limbic_OFC_3	111.0	17Networks_LH_LimbicB_OFC_3	LimbicB	4S456	n/a
117	LH_Limbic_OFC_4	Limbic	7Networks_LH_Limbic_OFC_4	112.0	17Networks_LH_LimbicB_OFC_4	LimbicB	4S456	n/a
118	LH_Limbic_OFC_5	Limbic	7Networks_LH_Limbic_OFC_5	113.0	17Networks_LH_LimbicB_OFC_5	LimbicB	4S456	n/a
119	LH_Limbic_TempPole_1	Limbic	7Networks_LH_Limbic_TempPole_1	114.0	17Networks_LH_LimbicA_TempPole_1	LimbicA	4S456	n/a
120	LH_Limbic_TempPole_2	Limbic	7Networks_LH_Limbic_TempPole_2	115.0	17Networks_LH_LimbicA_TempPole_2	LimbicA	4S456	n/a
121	LH_Limbic_TempPole_3	Limbic	7Networks_LH_Limbic_TempPole_3	116.0	17Networks_LH_LimbicA_TempPole_3	LimbicA	4S456	n/a
122	LH_Limbic_TempPole_4	Limbic	7Networks_LH_Limbic_TempPole_4	117.0	17Networks_LH_LimbicA_TempPole_4	LimbicA	4S456	n/a
123	LH_Limbic_TempPole_5	Limbic	7Networks_LH_Limbic_TempPole_5	118.0	17Networks_LH_LimbicA_TempPole_5	LimbicA	4S456	n/a
124	LH_Limbic_TempPole_6	Limbic	7Networks_LH_Limbic_TempPole_6	167.0	17Networks_LH_DefaultB_Temp_1	DefaultB	4S456	n/a
125	LH_Limbic_TempPole_7	Limbic	7Networks_LH_Limbic_TempPole_7	119.0	17Networks_LH_LimbicA_TempPole_6	LimbicA	4S456	n/a
126	LH_Limbic_TempPole_8	Limbic	7Networks_LH_Limbic_TempPole_8	192.0	17Networks_LH_DefaultC_PHC_1	DefaultC	4S456	n/a
127	LH_Cont_Par_1	Cont	7Networks_LH_Cont_Par_1	122.0	17Networks_LH_ContA_IPS_1	ContA	4S456	n/a
128	LH_Cont_Par_2	Cont	7Networks_LH_Cont_Par_2	123.0	17Networks_LH_ContA_IPS_2	ContA	4S456	n/a
129	LH_Cont_Par_3	Cont	7Networks_LH_Cont_Par_3	137.0	17Networks_LH_ContB_IPL_2	ContB	4S456	n/a
130	LH_Cont_Par_4	Cont	7Networks_LH_Cont_Par_4	124.0	17Networks_LH_ContA_IPS_3	ContA	4S456	n/a
131	LH_Cont_Par_5	Cont	7Networks_LH_Cont_Par_5	138.0	17Networks_LH_ContB_IPL_3	ContB	4S456	n/a
132	LH_Cont_Par_6	Cont	7Networks_LH_Cont_Par_6	125.0	17Networks_LH_ContA_IPS_4	ContA	4S456	n/a
133	LH_Cont_Temp_1	Cont	7Networks_LH_Cont_Temp_1	135.0	17Networks_LH_ContB_Temp_2	ContB	4S456	n/a
134	LH_Cont_OFC_1	Cont	7Networks_LH_Cont_OFC_1	107.0	17Networks_LH_SalVentAttnB_OFC_1	SalVentAttnB	4S456	n/a
135	LH_Cont_PFCl_1	Cont	7Networks_LH_Cont_PFCl_1	140.0	17Networks_LH_ContB_PFClv_1	ContB	4S456	n/a
136	LH_Cont_PFCl_2	Cont	7Networks_LH_Cont_PFCl_2	128.0	17Networks_LH_ContA_PFClv_1	ContA	4S456	n/a
137	LH_Cont_PFCl_3	Cont	7Networks_LH_Cont_PFCl_3	101.0	17Networks_LH_SalVentAttnB_PFCl_1	SalVentAttnB	4S456	n/a
138	LH_Cont_PFCl_4	Cont	7Networks_LH_Cont_PFCl_4	142.0	17Networks_LH_ContB_PFClv_3	ContB	4S456	n/a
139	LH_Cont_PFCl_5	Cont	7Networks_LH_Cont_PFCl_5	129.0	17Networks_LH_ContA_PFClv_2	ContA	4S456	n/a
140	LH_Cont_PFCl_6	Cont	7Networks_LH_Cont_PFCl_6	131.0	17Networks_LH_ContA_PFCl_2	ContA	4S456	n/a
141	LH_Cont_PFCl_7	Cont	7Networks_LH_Cont_PFCl_7	132.0	17Networks_LH_ContA_PFCl_3	ContA	4S456	n/a
142	LH_Cont_PFCl_8	Cont	7Networks_LH_Cont_PFCl_8	103.0	17Networks_LH_SalVentAttnB_PFCl_3	SalVentAttnB	4S456	n/a
143	LH_Cont_PFCv_1	Cont	7Networks_LH_Cont_PFCv_1	104.0	17Networks_LH_SalVentAttnB_Ins_1	SalVentAttnB	4S456	n/a
144	LH_Cont_pCun_1	Cont	7Networks_LH_Cont_pCun_1	145.0	17Networks_LH_ContC_pCun_2	ContC	4S456	n/a
145	LH_Cont_pCun_2	Cont	7Networks_LH_Cont_pCun_2	146.0	17Networks_LH_ContC_pCun_3	ContC	4S456	n/a
146	LH_Cont_Cing_1	Cont	7Networks_LH_Cont_Cing_1	133.0	17Networks_LH_ContA_Cingm_1	ContA	4S456	n/a
147	LH_Cont_Cing_2	Cont	7Networks_LH_Cont_Cing_2	148.0	17Networks_LH_ContC_Cingp_2	ContC	4S456	n/a
148	LH_Cont_PFCmp_1	Cont	7Networks_LH_Cont_PFCmp_1	143.0	17Networks_LH_ContB_PFCmp_1	ContB	4S456	n/a
149	LH_Default_Temp_1	Default	7Networks_LH_Default_Temp_1	168.0	17Networks_LH_DefaultB_Temp_2	DefaultB	4S456	n/a
150	LH_Default_Temp_2	Default	7Networks_LH_Default_Temp_2	169.0	17Networks_LH_DefaultB_Temp_3	DefaultB	4S456	n/a
151	LH_Default_Temp_3	Default	7Networks_LH_Default_Temp_3	134.0	17Networks_LH_ContB_Temp_1	ContB	4S456	n/a
152	LH_Default_Temp_4	Default	7Networks_LH_Default_Temp_4	170.0	17Networks_LH_DefaultB_Temp_4	DefaultB	4S456	n/a
153	LH_Default_Temp_5	Default	7Networks_LH_Default_Temp_5	195.0	17Networks_LH_TempPar_1	TempPar	4S456	n/a
154	LH_Default_Temp_6	Default	7Networks_LH_Default_Temp_6	171.0	17Networks_LH_DefaultB_Temp_5	DefaultB	4S456	n/a
155	LH_Default_Temp_7	Default	7Networks_LH_Default_Temp_7	172.0	17Networks_LH_DefaultB_Temp_6	DefaultB	4S456	n/a
156	LH_Default_Temp_8	Default	7Networks_LH_Default_Temp_8	196.0	17Networks_LH_TempPar_2	TempPar	4S456	n/a
157	LH_Default_Temp_9	Default	7Networks_LH_Default_Temp_9	197.0	17Networks_LH_TempPar_3	TempPar	4S456	n/a
158	LH_Default_Temp_10	Default	7Networks_LH_Default_Temp_10	198.0	17Networks_LH_TempPar_4	TempPar	4S456	n/a
159	LH_Default_Par_1	Default	7Networks_LH_Default_Par_1	200.0	17Networks_LH_TempPar_6	TempPar	4S456	n/a
160	LH_Default_Par_2	Default	7Networks_LH_Default_Par_2	173.0	17Networks_LH_DefaultB_IPL_1	DefaultB	4S456	n/a
161	LH_Default_Par_3	Default	7Networks_LH_Default_Par_3	188.0	17Networks_LH_DefaultC_IPL_1	DefaultC	4S456	n/a
162	LH_Default_Par_4	Default	7Networks_LH_Default_Par_4	149.0	17Networks_LH_DefaultA_IPL_1	DefaultA	4S456	n/a
163	LH_Default_Par_5	Default	7Networks_LH_Default_Par_5	174.0	17Networks_LH_DefaultB_IPL_2	DefaultB	4S456	n/a
164	LH_Default_Par_6	Default	7Networks_LH_Default_Par_6	150.0	17Networks_LH_DefaultA_IPL_2	DefaultA	4S456	n/a
165	LH_Default_Par_7	Default	7Networks_LH_Default_Par_7	136.0	17Networks_LH_ContB_IPL_1	ContB	4S456	n/a
166	LH_Default_PFC_1	Default	7Networks_LH_Default_PFC_1	183.0	17Networks_LH_DefaultB_PFCv_1	DefaultB	4S456	n/a
167	LH_Default_PFC_2	Default	7Networks_LH_Default_PFC_2	184.0	17Networks_LH_DefaultB_PFCv_2	DefaultB	4S456	n/a
168	LH_Default_PFC_3	Default	7Networks_LH_Default_PFC_3	161.0	17Networks_LH_DefaultA_PFCm_1	DefaultA	4S456	n/a
169	LH_Default_PFC_4	Default	7Networks_LH_Default_PFC_4	162.0	17Networks_LH_DefaultA_PFCm_2	DefaultA	4S456	n/a
170	LH_Default_PFC_5	Default	7Networks_LH_Default_PFC_5	185.0	17Networks_LH_DefaultB_PFCv_3	DefaultB	4S456	n/a
171	LH_Default_PFC_6	Default	7Networks_LH_Default_PFC_6	141.0	17Networks_LH_ContB_PFClv_2	ContB	4S456	n/a
172	LH_Default_PFC_7	Default	7Networks_LH_Default_PFC_7	186.0	17Networks_LH_DefaultB_PFCv_4	DefaultB	4S456	n/a
173	LH_Default_PFC_8	Default	7Networks_LH_Default_PFC_8	163.0	17Networks_LH_DefaultA_PFCm_3	DefaultA	4S456	n/a
174	LH_Default_PFC_9	Default	7Networks_LH_Default_PFC_9	164.0	17Networks_LH_DefaultA_PFCm_4	DefaultA	4S456	n/a
175	LH_Default_PFC_10	Default	7Networks_LH_Default_PFC_10	187.0	17Networks_LH_DefaultB_PFCv_5	DefaultB	4S456	n/a
176	LH_Default_PFC_11	Default	7Networks_LH_Default_PFC_11	165.0	17Networks_LH_DefaultA_PFCm_5	DefaultA	4S456	n/a
177	LH_Default_PFC_12	Default	7Networks_LH_Default_PFC_12	166.0	17Networks_LH_DefaultA_PFCm_6	DefaultA	4S456	n/a
178	LH_Default_PFC_13	Default	7Networks_LH_Default_PFC_13	175.0	17Networks_LH_DefaultB_PFCd_1	DefaultB	4S456	n/a
179	LH_Default_PFC_14	Default	7Networks_LH_Default_PFC_14	176.0	17Networks_LH_DefaultB_PFCd_2	DefaultB	4S456	n/a
180	LH_Default_PFC_15	Default	7Networks_LH_Default_PFC_15	177.0	17Networks_LH_DefaultB_PFCd_3	DefaultB	4S456	n/a
181	LH_Default_PFC_16	Default	7Networks_LH_Default_PFC_16	151.0	17Networks_LH_DefaultA_PFCd_1	DefaultA	4S456	n/a
182	LH_Default_PFC_17	Default	7Networks_LH_Default_PFC_17	181.0	17Networks_LH_DefaultB_PFCl_1	DefaultB	4S456	n/a
183	LH_Default_PFC_18	Default	7Networks_LH_Default_PFC_18	178.0	17Networks_LH_DefaultB_PFCd_4	DefaultB	4S456	n/a
184	LH_Default_PFC_19	Default	7Networks_LH_Default_PFC_19	152.0	17Networks_LH_DefaultA_PFCd_2	DefaultA	4S456	n/a
185	LH_Default_PFC_20	Default	7Networks_LH_Default_PFC_20	182.0	17Networks_LH_DefaultB_PFCl_2	DefaultB	4S456	n/a
186	LH_Default_PFC_21	Default	7Networks_LH_Default_PFC_21	139.0	17Networks_LH_ContB_PFCd_1	ContB	4S456	n/a
187	LH_Default_PFC_22	Default	7Networks_LH_Default_PFC_22	153.0	17Networks_LH_DefaultA_PFCd_3	DefaultA	4S456	n/a
188	LH_Default_PFC_23	Default	7Networks_LH_Default_PFC_23	179.0	17Networks_LH_DefaultB_PFCd_5	DefaultB	4S456	n/a
189	LH_Default_PFC_24	Default	7Networks_LH_Default_PFC_24	180.0	17Networks_LH_DefaultB_PFCd_6	DefaultB	4S456	n/a
190	LH_Default_pCunPCC_1	Default	7Networks_LH_Default_pCunPCC_1	190.0	17Networks_LH_DefaultC_Rsp_2	DefaultC	4S456	n/a
191	LH_Default_pCunPCC_2	Default	7Networks_LH_Default_pCunPCC_2	191.0	17Networks_LH_DefaultC_Rsp_3	DefaultC	4S456	n/a
192	LH_Default_pCunPCC_3	Default	7Networks_LH_Default_pCunPCC_3	154.0	17Networks_LH_DefaultA_pCunPCC_1	DefaultA	4S456	n/a
193	LH_Default_pCunPCC_4	Default	7Networks_LH_Default_pCunPCC_4	147.0	17Networks_LH_ContC_Cingp_1	ContC	4S456	n/a
194	LH_Default_pCunPCC_5	Default	7Networks_LH_Default_pCunPCC_5	144.0	17Networks_LH_ContC_pCun_1	ContC	4S456	n/a
195	LH_Default_pCunPCC_6	Default	7Networks_LH_Default_pCunPCC_6	155.0	17Networks_LH_DefaultA_pCunPCC_2	DefaultA	4S456	n/a
196	LH_Default_pCunPCC_7	Default	7Networks_LH_Default_pCunPCC_7	156.0	17Networks_LH_DefaultA_pCunPCC_3	DefaultA	4S456	n/a
197	LH_Default_pCunPCC_8	Default	7Networks_LH_Default_pCunPCC_8	157.0	17Networks_LH_DefaultA_pCunPCC_4	DefaultA	4S456	n/a
198	LH_Default_pCunPCC_9	Default	7Networks_LH_Default_pCunPCC_9	158.0	17Networks_LH_DefaultA_pCunPCC_5	DefaultA	4S456	n/a
199	LH_Default_pCunPCC_10	Default	7Networks_LH_Default_pCunPCC_10	159.0	17Networks_LH_DefaultA_pCunPCC_6	DefaultA	4S456	n/a
200	LH_Default_pCunPCC_11	Default	7Networks_LH_Default_pCunPCC_11	160.0	17Networks_LH_DefaultA_pCunPCC_7	DefaultA	4S456	n/a
201	RH_Vis_1	Vis	7Networks_RH_Vis_1	259.0	17Networks_RH_DorsAttnA_TempOcc_1	DorsAttnA	4S456	n/a
202	RH_Vis_2	Vis	7Networks_RH_Vis_2	390.0	17Networks_RH_DefaultC_PHC_2	DefaultC	4S456	n/a
203	RH_Vis_3	Vis	7Networks_RH_Vis_3	201.0	17Networks_RH_VisCent_ExStr_1	VisCent	4S456	n/a
204	RH_Vis_4	Vis	7Networks_RH_Vis_4	202.0	17Networks_RH_VisCent_ExStr_2	VisCent	4S456	n/a
205	RH_Vis_5	Vis	7Networks_RH_Vis_5	213.0	17Networks_RH_VisPeri_ExStrInf_1	VisPeri	4S456	n/a
206	RH_Vis_6	Vis	7Networks_RH_Vis_6	203.0	17Networks_RH_VisCent_ExStr_3	VisCent	4S456	n/a
207	RH_Vis_7	Vis	7Networks_RH_Vis_7	214.0	17Networks_RH_VisPeri_ExStrInf_2	VisPeri	4S456	n/a
208	RH_Vis_8	Vis	7Networks_RH_Vis_8	204.0	17Networks_RH_VisCent_ExStr_4	VisCent	4S456	n/a
209	RH_Vis_9	Vis	7Networks_RH_Vis_9	261.0	17Networks_RH_DorsAttnA_TempOcc_3	DorsAttnA	4S456	n/a
210	RH_Vis_10	Vis	7Networks_RH_Vis_10	205.0	17Networks_RH_VisCent_ExStr_5	VisCent	4S456	n/a
211	RH_Vis_11	Vis	7Networks_RH_Vis_11	215.0	17Networks_RH_VisPeri_ExStrInf_3	VisPeri	4S456	n/a
212	RH_Vis_12	Vis	7Networks_RH_Vis_12	216.0	17Networks_RH_VisPeri_ExStrInf_4	VisPeri	4S456	n/a
213	RH_Vis_13	Vis	7Networks_RH_Vis_13	206.0	17Networks_RH_VisCent_ExStr_6	VisCent	4S456	n/a
214	RH_Vis_14	Vis	7Networks_RH_Vis_14	217.0	17Networks_RH_VisPeri_ExStrInf_5	VisPeri	4S456	n/a
215	RH_Vis_15	Vis	7Networks_RH_Vis_15	207.0	17Networks_RH_VisCent_Striate_1	VisCent	4S456	n/a
216	RH_Vis_16	Vis	7Networks_RH_Vis_16	262.0	17Networks_RH_DorsAttnA_ParOcc_1	DorsAttnA	4S456	n/a
217	RH_Vis_17	Vis	7Networks_RH_Vis_17	387.0	17Networks_RH_DefaultC_Rsp_1	DefaultC	4S456	n/a
218	RH_Vis_18	Vis	7Networks_RH_Vis_18	208.0	17Networks_RH_VisCent_ExStr_7	VisCent	4S456	n/a
219	RH_Vis_19	Vis	7Networks_RH_Vis_19	218.0	17Networks_RH_VisPeri_StriCal_1	VisPeri	4S456	n/a
220	RH_Vis_20	Vis	7Networks_RH_Vis_20	219.0	17Networks_RH_VisPeri_StriCal_2	VisPeri	4S456	n/a
221	RH_Vis_21	Vis	7Networks_RH_Vis_21	209.0	17Networks_RH_VisCent_ExStr_8	VisCent	4S456	n/a
222	RH_Vis_22	Vis	7Networks_RH_Vis_22	210.0	17Networks_RH_VisCent_ExStr_9	VisCent	4S456	n/a
223	RH_Vis_23	Vis	7Networks_RH_Vis_23	211.0	17Networks_RH_VisCent_ExStr_10	VisCent	4S456	n/a
224	RH_Vis_24	Vis	7Networks_RH_Vis_24	220.0	17Networks_RH_VisPeri_ExStrSup_1	VisPeri	4S456	n/a
225	RH_Vis_25	Vis	7Networks_RH_Vis_25	221.0	17Networks_RH_VisPeri_ExStrSup_2	VisPeri	4S456	n/a
226	RH_Vis_26	Vis	7Networks_RH_Vis_26	212.0	17Networks_RH_VisCent_ExStr_11	VisCent	4S456	n/a
227	RH_Vis_27	Vis	7Networks_RH_Vis_27	264.0	17Networks_RH_DorsAttnA_ParOcc_3	DorsAttnA	4S456	n/a
228	RH_Vis_28	Vis	7Networks_RH_Vis_28	222.0	17Networks_RH_VisPeri_ExStrSup_3	VisPeri	4S456	n/a
229	RH_Vis_29	Vis	7Networks_RH_Vis_29	223.0	17Networks_RH_VisPeri_ExStrSup_4	VisPeri	4S456	n/a
230	RH_Vis_30	Vis	7Networks_RH_Vis_30	265.0	17Networks_RH_DorsAttnA_SPL_1	DorsAttnA	4S456	n/a
231	RH_SomMot_1	SomMot	7Networks_RH_SomMot_1	244.0	17Networks_RH_SomMotB_Aud_1	SomMotB	4S456	n/a
232	RH_SomMot_2	SomMot	7Networks_RH_SomMot_2	394.0	17Networks_RH_TempPar_4	TempPar	4S456	n/a
233	RH_SomMot_3	SomMot	7Networks_RH_SomMot_3	245.0	17Networks_RH_SomMotB_Aud_2	SomMotB	4S456	n/a
234	RH_SomMot_4	SomMot	7Networks_RH_SomMot_4	246.0	17Networks_RH_SomMotB_Ins_1	SomMotB	4S456	n/a
235	RH_SomMot_5	SomMot	7Networks_RH_SomMot_5	247.0	17Networks_RH_SomMotB_S2_1	SomMotB	4S456	n/a
236	RH_SomMot_6	SomMot	7Networks_RH_SomMot_6	248.0	17Networks_RH_SomMotB_S2_2	SomMotB	4S456	n/a
237	RH_SomMot_7	SomMot	7Networks_RH_SomMot_7	249.0	17Networks_RH_SomMotB_Aud_3	SomMotB	4S456	n/a
238	RH_SomMot_8	SomMot	7Networks_RH_SomMot_8	398.0	17Networks_RH_TempPar_8	TempPar	4S456	n/a
239	RH_SomMot_9	SomMot	7Networks_RH_SomMot_9	250.0	17Networks_RH_SomMotB_S2_3	SomMotB	4S456	n/a
240	RH_SomMot_10	SomMot	7Networks_RH_SomMot_10	251.0	17Networks_RH_SomMotB_S2_4	SomMotB	4S456	n/a
241	RH_SomMot_11	SomMot	7Networks_RH_SomMot_11	252.0	17Networks_RH_SomMotB_S2_5	SomMotB	4S456	n/a
242	RH_SomMot_12	SomMot	7Networks_RH_SomMot_12	253.0	17Networks_RH_SomMotB_S2_6	SomMotB	4S456	n/a
243	RH_SomMot_13	SomMot	7Networks_RH_SomMot_13	254.0	17Networks_RH_SomMotB_S2_7	SomMotB	4S456	n/a
244	RH_SomMot_14	SomMot	7Networks_RH_SomMot_14	255.0	17Networks_RH_SomMotB_S2_8	SomMotB	4S456	n/a
245	RH_SomMot_15	SomMot	7Networks_RH_SomMot_15	256.0	17Networks_RH_SomMotB_Cent_1	SomMotB	4S456	n/a
246	RH_SomMot_16	SomMot	7Networks_RH_SomMot_16	257.0	17Networks_RH_SomMotB_Cent_2	SomMotB	4S456	n/a
247	RH_SomMot_17	SomMot	7Networks_RH_SomMot_17	274.0	17Networks_RH_DorsAttnB_PostC_1	DorsAttnB	4S456	n/a
248	RH_SomMot_18	SomMot	7Networks_RH_SomMot_18	258.0	17Networks_RH_SomMotB_Cent_3	SomMotB	4S456	n/a
249	RH_SomMot_19	SomMot	7Networks_RH_SomMot_19	224.0	17Networks_RH_SomMotA_1	SomMotA	4S456	n/a
250	RH_SomMot_20	SomMot	7Networks_RH_SomMot_20	297.0	17Networks_RH_SalVentAttnA_ParMed_1	SalVentAttnA	4S456	n/a
251	RH_SomMot_21	SomMot	7Networks_RH_SomMot_21	225.0	17Networks_RH_SomMotA_2	SomMotA	4S456	n/a
252	RH_SomMot_22	SomMot	7Networks_RH_SomMot_22	226.0	17Networks_RH_SomMotA_3	SomMotA	4S456	n/a
253	RH_SomMot_23	SomMot	7Networks_RH_SomMot_23	227.0	17Networks_RH_SomMotA_4	SomMotA	4S456	n/a
254	RH_SomMot_24	SomMot	7Networks_RH_SomMot_24	228.0	17Networks_RH_SomMotA_5	SomMotA	4S456	n/a
255	RH_SomMot_25	SomMot	7Networks_RH_SomMot_25	229.0	17Networks_RH_SomMotA_6	SomMotA	4S456	n/a
256	RH_SomMot_26	SomMot	7Networks_RH_SomMot_26	230.0	17Networks_RH_SomMotA_7	SomMotA	4S456	n/a
257	RH_SomMot_27	SomMot	7Networks_RH_SomMot_27	231.0	17Networks_RH_SomMotA_8	SomMotA	4S456	n/a
258	RH_SomMot_28	SomMot	7Networks_RH_SomMot_28	232.0	17Networks_RH_SomMotA_9	SomMotA	4S456	n/a
259	RH_SomMot_29	SomMot	7Networks_RH_SomMot_29	233.0	17Networks_RH_SomMotA_10	SomMotA	4S456	n/a
260	RH_SomMot_30	SomMot	7Networks_RH_SomMot_30	234.0	17Networks_RH_SomMotA_11	SomMotA	4S456	n/a
261	RH_SomMot_31	SomMot	7Networks_RH_SomMot_31	235.0	17Networks_RH_SomMotA_12	SomMotA	4S456	n/a
262	RH_SomMot_32	SomMot	7Networks_RH_SomMot_32	236.0	17Networks_RH_SomMotA_13	SomMotA	4S456	n/a
263	RH_SomMot_33	SomMot	7Networks_RH_SomMot_33	237.0	17Networks_RH_SomMotA_14	SomMotA	4S456	n/a
264	RH_SomMot_34	SomMot	7Networks_RH_SomMot_34	238.0	17Networks_RH_SomMotA_15	SomMotA	4S456	n/a
265	RH_SomMot_35	SomMot	7Networks_RH_SomMot_35	239.0	17Networks_RH_SomMotA_16	SomMotA	4S456	n/a
266	RH_SomMot_36	SomMot	7Networks_RH_SomMot_36	240.0	17Networks_RH_SomMotA_17	SomMotA	4S456	n/a
267	RH_SomMot_37	SomMot	7Networks_RH_SomMot_37	281.0	17Networks_RH_DorsAttnB_PostC_8	DorsAttnB	4S456	n/a
268	RH_SomMot_38	SomMot	7Networks_RH_SomMot_38	241.0	17Networks_RH_SomMotA_18	SomMotA	4S456	n/a
269	RH_SomMot_39	SomMot	7Networks_RH_SomMot_39	242.0	17Networks_RH_SomMotA_19	SomMotA	4S456	n/a
270	RH_SomMot_40	SomMot	7Networks_RH_SomMot_40	243.0	17Networks_RH_SomMotA_20	SomMotA	4S456	n/a
271	RH_DorsAttn_Post_1	DorsAttn	7Networks_RH_DorsAttn_Post_1	260.0	17Networks_RH_DorsAttnA_TempOcc_2	DorsAttnA	4S456	n/a
272	RH_DorsAttn_Post_2	DorsAttn	7Networks_RH_DorsAttn_Post_2	273.0	17Networks_RH_DorsAttnB_TempOcc_1	DorsAttnB	4S456	n/a
273	RH_DorsAttn_Post_3	DorsAttn	7Networks_RH_DorsAttn_Post_3	263.0	17Networks_RH_DorsAttnA_ParOcc_2	DorsAttnA	4S456	n/a
274	RH_DorsAttn_Post_4	DorsAttn	7Networks_RH_DorsAttn_Post_4	386.0	17Networks_RH_DefaultC_IPL_2	DefaultC	4S456	n/a
275	RH_DorsAttn_Post_5	DorsAttn	7Networks_RH_DorsAttn_Post_5	266.0	17Networks_RH_DorsAttnA_SPL_2	DorsAttnA	4S456	n/a
276	RH_DorsAttn_Post_6	DorsAttn	7Networks_RH_DorsAttn_Post_6	275.0	17Networks_RH_DorsAttnB_PostC_2	DorsAttnB	4S456	n/a
277	RH_DorsAttn_Post_7	DorsAttn	7Networks_RH_DorsAttn_Post_7	267.0	17Networks_RH_DorsAttnA_SPL_3	DorsAttnA	4S456	n/a
278	RH_DorsAttn_Post_8	DorsAttn	7Networks_RH_DorsAttn_Post_8	276.0	17Networks_RH_DorsAttnB_PostC_3	DorsAttnB	4S456	n/a
279	RH_DorsAttn_Post_9	DorsAttn	7Networks_RH_DorsAttn_Post_9	277.0	17Networks_RH_DorsAttnB_PostC_4	DorsAttnB	4S456	n/a
280	RH_DorsAttn_Post_10	DorsAttn	7Networks_RH_DorsAttn_Post_10	268.0	17Networks_RH_DorsAttnA_SPL_4	DorsAttnA	4S456	n/a
281	RH_DorsAttn_Post_11	DorsAttn	7Networks_RH_DorsAttn_Post_11	328.0	17Networks_RH_ContA_IPS_4	ContA	4S456	n/a
282	RH_DorsAttn_Post_12	DorsAttn	7Networks_RH_DorsAttn_Post_12	269.0	17Networks_RH_DorsAttnA_SPL_5	DorsAttnA	4S456	n/a
283	RH_DorsAttn_Post_13	DorsAttn	7Networks_RH_DorsAttn_Post_13	278.0	17Networks_RH_DorsAttnB_PostC_5	DorsAttnB	4S456	n/a
284	RH_DorsAttn_Post_14	DorsAttn	7Networks_RH_DorsAttn_Post_14	270.0	17Networks_RH_DorsAttnA_SPL_6	DorsAttnA	4S456	n/a
285	RH_DorsAttn_Post_15	DorsAttn	7Networks_RH_DorsAttn_Post_15	355.0	17Networks_RH_ContC_pCun_5	ContC	4S456	n/a
286	RH_DorsAttn_Post_16	DorsAttn	7Networks_RH_DorsAttn_Post_16	271.0	17Networks_RH_DorsAttnA_SPL_7	DorsAttnA	4S456	n/a
287	RH_DorsAttn_Post_17	DorsAttn	7Networks_RH_DorsAttn_Post_17	279.0	17Networks_RH_DorsAttnB_PostC_6	DorsAttnB	4S456	n/a
288	RH_DorsAttn_Post_18	DorsAttn	7Networks_RH_DorsAttn_Post_18	272.0	17Networks_RH_DorsAttnA_SPL_8	DorsAttnA	4S456	n/a
289	RH_DorsAttn_Post_19	DorsAttn	7Networks_RH_DorsAttn_Post_19	280.0	17Networks_RH_DorsAttnB_PostC_7	DorsAttnB	4S456	n/a
290	RH_DorsAttn_FEF_1	DorsAttn	7Networks_RH_DorsAttn_FEF_1	282.0	17Networks_RH_DorsAttnB_FEF_1	DorsAttnB	4S456	n/a
291	RH_DorsAttn_FEF_2	DorsAttn	7Networks_RH_DorsAttn_FEF_2	283.0	17Networks_RH_DorsAttnB_FEF_2	DorsAttnB	4S456	n/a
292	RH_DorsAttn_FEF_3	DorsAttn	7Networks_RH_DorsAttn_FEF_3	284.0	17Networks_RH_DorsAttnB_FEF_3	DorsAttnB	4S456	n/a
293	RH_DorsAttn_PrCv_1	DorsAttn	7Networks_RH_DorsAttn_PrCv_1	333.0	17Networks_RH_ContA_PFCl_4	ContA	4S456	n/a
294	RH_SalVentAttn_TempOccPar_1	SalVentAttn	7Networks_RH_SalVentAttn_TempOccPar_1	396.0	17Networks_RH_TempPar_6	TempPar	4S456	n/a
295	RH_SalVentAttn_TempOccPar_2	SalVentAttn	7Networks_RH_SalVentAttn_TempOccPar_2	397.0	17Networks_RH_TempPar_7	TempPar	4S456	n/a
296	RH_SalVentAttn_TempOccPar_3	SalVentAttn	7Networks_RH_SalVentAttn_TempOccPar_3	400.0	17Networks_RH_TempPar_10	TempPar	4S456	n/a
297	RH_SalVentAttn_TempOccPar_4	SalVentAttn	7Networks_RH_SalVentAttn_TempOccPar_4	285.0	17Networks_RH_SalVentAttnA_ParOper_1	SalVentAttnA	4S456	n/a
298	RH_SalVentAttn_TempOccPar_5	SalVentAttn	7Networks_RH_SalVentAttn_TempOccPar_5	286.0	17Networks_RH_SalVentAttnA_ParOper_2	SalVentAttnA	4S456	n/a
299	RH_SalVentAttn_TempOccPar_6	SalVentAttn	7Networks_RH_SalVentAttn_TempOccPar_6	287.0	17Networks_RH_SalVentAttnA_ParOper_3	SalVentAttnA	4S456	n/a
300	RH_SalVentAttn_TempOccPar_7	SalVentAttn	7Networks_RH_SalVentAttn_TempOccPar_7	304.0	17Networks_RH_SalVentAttnB_IPL_1	SalVentAttnB	4S456	n/a
301	RH_SalVentAttn_PrC_1	SalVentAttn	7Networks_RH_SalVentAttn_PrC_1	288.0	17Networks_RH_SalVentAttnA_PrC_1	SalVentAttnA	4S456	n/a
302	RH_SalVentAttn_FrOperIns_1	SalVentAttn	7Networks_RH_SalVentAttn_FrOperIns_1	289.0	17Networks_RH_SalVentAttnA_Ins_1	SalVentAttnA	4S456	n/a
303	RH_SalVentAttn_FrOperIns_2	SalVentAttn	7Networks_RH_SalVentAttn_FrOperIns_2	290.0	17Networks_RH_SalVentAttnA_Ins_2	SalVentAttnA	4S456	n/a
304	RH_SalVentAttn_FrOperIns_3	SalVentAttn	7Networks_RH_SalVentAttn_FrOperIns_3	291.0	17Networks_RH_SalVentAttnA_Ins_3	SalVentAttnA	4S456	n/a
305	RH_SalVentAttn_FrOperIns_4	SalVentAttn	7Networks_RH_SalVentAttn_FrOperIns_4	292.0	17Networks_RH_SalVentAttnA_Ins_4	SalVentAttnA	4S456	n/a
306	RH_SalVentAttn_FrOperIns_5	SalVentAttn	7Networks_RH_SalVentAttn_FrOperIns_5	310.0	17Networks_RH_SalVentAttnB_Ins_2	SalVentAttnB	4S456	n/a
307	RH_SalVentAttn_FrOperIns_6	SalVentAttn	7Networks_RH_SalVentAttn_FrOperIns_6	293.0	17Networks_RH_SalVentAttnA_FrOper_1	SalVentAttnA	4S456	n/a
308	RH_SalVentAttn_FrOperIns_7	SalVentAttn	7Networks_RH_SalVentAttn_FrOperIns_7	294.0	17Networks_RH_SalVentAttnA_FrOper_2	SalVentAttnA	4S456	n/a
309	RH_SalVentAttn_FrOperIns_8	SalVentAttn	7Networks_RH_SalVentAttn_FrOperIns_8	295.0	17Networks_RH_SalVentAttnA_FrOper_3	SalVentAttnA	4S456	n/a
310	RH_SalVentAttn_PFCl_1	SalVentAttn	7Networks_RH_SalVentAttn_PFCl_1	308.0	17Networks_RH_SalVentAttnB_PFCl_3	SalVentAttnB	4S456	n/a
311	RH_SalVentAttn_Med_1	SalVentAttn	7Networks_RH_SalVentAttn_Med_1	312.0	17Networks_RH_SalVentAttnB_PFCmp_2	SalVentAttnB	4S456	n/a
312	RH_SalVentAttn_Med_2	SalVentAttn	7Networks_RH_SalVentAttn_Med_2	296.0	17Networks_RH_SalVentAttnA_FrMed_1	SalVentAttnA	4S456	n/a
313	RH_SalVentAttn_Med_3	SalVentAttn	7Networks_RH_SalVentAttn_Med_3	298.0	17Networks_RH_SalVentAttnA_ParMed_2	SalVentAttnA	4S456	n/a
314	RH_SalVentAttn_Med_4	SalVentAttn	7Networks_RH_SalVentAttn_Med_4	299.0	17Networks_RH_SalVentAttnA_FrMed_2	SalVentAttnA	4S456	n/a
315	RH_SalVentAttn_Med_5	SalVentAttn	7Networks_RH_SalVentAttn_Med_5	300.0	17Networks_RH_SalVentAttnA_ParMed_3	SalVentAttnA	4S456	n/a
316	RH_SalVentAttn_Med_6	SalVentAttn	7Networks_RH_SalVentAttn_Med_6	301.0	17Networks_RH_SalVentAttnA_ParMed_4	SalVentAttnA	4S456	n/a
317	RH_SalVentAttn_Med_7	SalVentAttn	7Networks_RH_SalVentAttn_Med_7	302.0	17Networks_RH_SalVentAttnA_FrMed_3	SalVentAttnA	4S456	n/a
318	RH_SalVentAttn_Med_8	SalVentAttn	7Networks_RH_SalVentAttn_Med_8	303.0	17Networks_RH_SalVentAttnA_FrMed_4	SalVentAttnA	4S456	n/a
319	RH_Limbic_OFC_1	Limbic	7Networks_RH_Limbic_OFC_1	313.0	17Networks_RH_LimbicB_OFC_1	LimbicB	4S456	n/a
320	RH_Limbic_OFC_2	Limbic	7Networks_RH_Limbic_OFC_2	314.0	17Networks_RH_LimbicB_OFC_2	LimbicB	4S456	n/a
321	RH_Limbic_OFC_3	Limbic	7Networks_RH_Limbic_OFC_3	315.0	17Networks_RH_LimbicB_OFC_3	LimbicB	4S456	n/a
322	RH_Limbic_OFC_4	Limbic	7Networks_RH_Limbic_OFC_4	316.0	17Networks_RH_LimbicB_OFC_4	LimbicB	4S456	n/a
323	RH_Limbic_OFC_5	Limbic	7Networks_RH_Limbic_OFC_5	317.0	17Networks_RH_LimbicB_OFC_5	LimbicB	4S456	n/a
324	RH_Limbic_OFC_6	Limbic	7Networks_RH_Limbic_OFC_6	318.0	17Networks_RH_LimbicB_OFC_6	LimbicB	4S456	n/a
325	RH_Limbic_TempPole_1	Limbic	7Networks_RH_Limbic_TempPole_1	319.0	17Networks_RH_LimbicA_TempPole_1	LimbicA	4S456	n/a
326	RH_Limbic_TempPole_2	Limbic	7Networks_RH_Limbic_TempPole_2	320.0	17Networks_RH_LimbicA_TempPole_2	LimbicA	4S456	n/a
327	RH_Limbic_TempPole_3	Limbic	7Networks_RH_Limbic_TempPole_3	321.0	17Networks_RH_LimbicA_TempPole_3	LimbicA	4S456	n/a
328	RH_Limbic_TempPole_4	Limbic	7Networks_RH_Limbic_TempPole_4	322.0	17Networks_RH_LimbicA_TempPole_4	LimbicA	4S456	n/a
329	RH_Limbic_TempPole_5	Limbic	7Networks_RH_Limbic_TempPole_5	323.0	17Networks_RH_LimbicA_TempPole_5	LimbicA	4S456	n/a
330	RH_Limbic_TempPole_6	Limbic	7Networks_RH_Limbic_TempPole_6	324.0	17Networks_RH_LimbicA_TempPole_6	LimbicA	4S456	n/a
331	RH_Limbic_TempPole_7	Limbic	7Networks_RH_Limbic_TempPole_7	389.0	17Networks_RH_DefaultC_PHC_1	DefaultC	4S456	n/a
332	RH_Cont_Par_1	Cont	7Networks_RH_Cont_Par_1	339.0	17Networks_RH_ContB_IPL_2	ContB	4S456	n/a
333	RH_Cont_Par_2	Cont	7Networks_RH_Cont_Par_2	340.0	17Networks_RH_ContB_IPL_3	ContB	4S456	n/a
334	RH_Cont_Par_3	Cont	7Networks_RH_Cont_Par_3	325.0	17Networks_RH_ContA_IPS_1	ContA	4S456	n/a
335	RH_Cont_Par_4	Cont	7Networks_RH_Cont_Par_4	326.0	17Networks_RH_ContA_IPS_2	ContA	4S456	n/a
336	RH_Cont_Par_5	Cont	7Networks_RH_Cont_Par_5	327.0	17Networks_RH_ContA_IPS_3	ContA	4S456	n/a
337	RH_Cont_Par_6	Cont	7Networks_RH_Cont_Par_6	341.0	17Networks_RH_ContB_IPL_4	ContB	4S456	n/a
338	RH_Cont_Temp_1	Cont	7Networks_RH_Cont_Temp_1	336.0	17Networks_RH_ContB_Temp_1	ContB	4S456	n/a
339	RH_Cont_Temp_2	Cont	7Networks_RH_Cont_Temp_2	337.0	17Networks_RH_ContB_Temp_2	ContB	4S456	n/a
340	RH_Cont_PFCv_1	Cont	7Networks_RH_Cont_PFCv_1	309.0	17Networks_RH_SalVentAttnB_Ins_1	SalVentAttnB	4S456	n/a
341	RH_Cont_PFCl_1	Cont	7Networks_RH_Cont_PFCl_1	347.0	17Networks_RH_ContB_PFClv_2	ContB	4S456	n/a
342	RH_Cont_PFCl_2	Cont	7Networks_RH_Cont_PFCl_2	348.0	17Networks_RH_ContB_PFClv_3	ContB	4S456	n/a
343	RH_Cont_PFCl_3	Cont	7Networks_RH_Cont_PFCl_3	349.0	17Networks_RH_ContB_PFClv_4	ContB	4S456	n/a
344	RH_Cont_PFCl_4	Cont	7Networks_RH_Cont_PFCl_4	305.0	17Networks_RH_SalVentAttnB_PFClv_1	SalVentAttnB	4S456	n/a
345	RH_Cont_PFCl_5	Cont	7Networks_RH_Cont_PFCl_5	306.0	17Networks_RH_SalVentAttnB_PFCl_1	SalVentAttnB	4S456	n/a
346	RH_Cont_PFCl_6	Cont	7Networks_RH_Cont_PFCl_6	330.0	17Networks_RH_ContA_PFCl_1	ContA	4S456	n/a
347	RH_Cont_PFCl_7	Cont	7Networks_RH_Cont_PFCl_7	331.0	17Networks_RH_ContA_PFCl_2	ContA	4S456	n/a
348	RH_Cont_PFCl_8	Cont	7Networks_RH_Cont_PFCl_8	307.0	17Networks_RH_SalVentAttnB_PFCl_2	SalVentAttnB	4S456	n/a
349	RH_Cont_PFCl_9	Cont	7Networks_RH_Cont_PFCl_9	332.0	17Networks_RH_ContA_PFCl_3	ContA	4S456	n/a
350	RH_Cont_PFCl_10	Cont	7Networks_RH_Cont_PFCl_10	334.0	17Networks_RH_ContA_PFCl_5	ContA	4S456	n/a
351	RH_Cont_PFCl_11	Cont	7Networks_RH_Cont_PFCl_11	342.0	17Networks_RH_ContB_PFCld_1	ContB	4S456	n/a
352	RH_Cont_PFCl_12	Cont	7Networks_RH_Cont_PFCl_12	343.0	17Networks_RH_ContB_PFCld_2	ContB	4S456	n/a
353	RH_Cont_PFCl_13	Cont	7Networks_RH_Cont_PFCl_13	344.0	17Networks_RH_ContB_PFCld_3	ContB	4S456	n/a
354	RH_Cont_PFCl_14	Cont	7Networks_RH_Cont_PFCl_14	345.0	17Networks_RH_ContB_PFCld_4	ContB	4S456	n/a
355	RH_Cont_PFCl_15	Cont	7Networks_RH_Cont_PFCl_15	329.0	17Networks_RH_ContA_PFCd_1	ContA	4S456	n/a
356	RH_Cont_pCun_1	Cont	7Networks_RH_Cont_pCun_1	352.0	17Networks_RH_ContC_pCun_2	ContC	4S456	n/a
357	RH_Cont_pCun_2	Cont	7Networks_RH_Cont_pCun_2	353.0	17Networks_RH_ContC_pCun_3	ContC	4S456	n/a
358	RH_Cont_Cing_1	Cont	7Networks_RH_Cont_Cing_1	357.0	17Networks_RH_ContC_Cingp_2	ContC	4S456	n/a
359	RH_Cont_Cing_2	Cont	7Networks_RH_Cont_Cing_2	335.0	17Networks_RH_ContA_Cingm_1	ContA	4S456	n/a
360	RH_Cont_PFCmp_1	Cont	7Networks_RH_Cont_PFCmp_1	311.0	17Networks_RH_SalVentAttnB_PFCmp_1	SalVentAttnB	4S456	n/a
361	RH_Cont_PFCmp_2	Cont	7Networks_RH_Cont_PFCmp_2	350.0	17Networks_RH_ContB_PFCmp_1	ContB	4S456	n/a
362	RH_Default_Par_1	Default	7Networks_RH_Default_Par_1	399.0	17Networks_RH_TempPar_9	TempPar	4S456	n/a
363	RH_Default_Par_2	Default	7Networks_RH_Default_Par_2	385.0	17Networks_RH_DefaultC_IPL_1	DefaultC	4S456	n/a
364	RH_Default_Par_3	Default	7Networks_RH_Default_Par_3	359.0	17Networks_RH_DefaultA_IPL_1	DefaultA	4S456	n/a
365	RH_Default_Par_4	Default	7Networks_RH_Default_Par_4	338.0	17Networks_RH_ContB_IPL_1	ContB	4S456	n/a
366	RH_Default_Par_5	Default	7Networks_RH_Default_Par_5	360.0	17Networks_RH_DefaultA_IPL_2	DefaultA	4S456	n/a
367	RH_Default_Temp_1	Default	7Networks_RH_Default_Temp_1	376.0	17Networks_RH_DefaultB_AntTemp_1	DefaultB	4S456	n/a
368	RH_Default_Temp_2	Default	7Networks_RH_Default_Temp_2	358.0	17Networks_RH_DefaultA_Temp_1	DefaultA	4S456	n/a
369	RH_Default_Temp_3	Default	7Networks_RH_Default_Temp_3	391.0	17Networks_RH_TempPar_1	TempPar	4S456	n/a
370	RH_Default_Temp_4	Default	7Networks_RH_Default_Temp_4	392.0	17Networks_RH_TempPar_2	TempPar	4S456	n/a
371	RH_Default_Temp_5	Default	7Networks_RH_Default_Temp_5	374.0	17Networks_RH_DefaultB_Temp_1	DefaultB	4S456	n/a
372	RH_Default_Temp_6	Default	7Networks_RH_Default_Temp_6	393.0	17Networks_RH_TempPar_3	TempPar	4S456	n/a
373	RH_Default_Temp_7	Default	7Networks_RH_Default_Temp_7	375.0	17Networks_RH_DefaultB_Temp_2	DefaultB	4S456	n/a
374	RH_Default_Temp_8	Default	7Networks_RH_Default_Temp_8	395.0	17Networks_RH_TempPar_5	TempPar	4S456	n/a
375	RH_Default_PFCv_1	Default	7Networks_RH_Default_PFCv_1	382.0	17Networks_RH_DefaultB_PFCv_1	DefaultB	4S456	n/a
376	RH_Default_PFCv_2	Default	7Networks_RH_Default_PFCv_2	346.0	17Networks_RH_ContB_PFClv_1	ContB	4S456	n/a
377	RH_Default_PFCv_3	Default	7Networks_RH_Default_PFCv_3	383.0	17Networks_RH_DefaultB_PFCv_2	DefaultB	4S456	n/a
378	RH_Default_PFCv_4	Default	7Networks_RH_Default_PFCv_4	384.0	17Networks_RH_DefaultB_PFCv_3	DefaultB	4S456	n/a
379	RH_Default_PFCdPFCm_1	Default	7Networks_RH_Default_PFCdPFCm_1	368.0	17Networks_RH_DefaultA_PFCm_1	DefaultA	4S456	n/a
380	RH_Default_PFCdPFCm_2	Default	7Networks_RH_Default_PFCdPFCm_2	369.0	17Networks_RH_DefaultA_PFCm_2	DefaultA	4S456	n/a
381	RH_Default_PFCdPFCm_3	Default	7Networks_RH_Default_PFCdPFCm_3	370.0	17Networks_RH_DefaultA_PFCm_3	DefaultA	4S456	n/a
382	RH_Default_PFCdPFCm_4	Default	7Networks_RH_Default_PFCdPFCm_4	371.0	17Networks_RH_DefaultA_PFCm_4	DefaultA	4S456	n/a
383	RH_Default_PFCdPFCm_5	Default	7Networks_RH_Default_PFCdPFCm_5	372.0	17Networks_RH_DefaultA_PFCm_5	DefaultA	4S456	n/a
384	RH_Default_PFCdPFCm_6	Default	7Networks_RH_Default_PFCdPFCm_6	373.0	17Networks_RH_DefaultA_PFCm_6	DefaultA	4S456	n/a
385	RH_Default_PFCdPFCm_7	Default	7Networks_RH_Default_PFCdPFCm_7	377.0	17Networks_RH_DefaultB_PFCd_1	DefaultB	4S456	n/a
386	RH_Default_PFCdPFCm_8	Default	7Networks_RH_Default_PFCdPFCm_8	378.0	17Networks_RH_DefaultB_PFCd_2	DefaultB	4S456	n/a
387	RH_Default_PFCdPFCm_9	Default	7Networks_RH_Default_PFCdPFCm_9	379.0	17Networks_RH_DefaultB_PFCd_3	DefaultB	4S456	n/a
388	RH_Default_PFCdPFCm_10	Default	7Networks_RH_Default_PFCdPFCm_10	361.0	17Networks_RH_DefaultA_PFCd_1	DefaultA	4S456	n/a
389	RH_Default_PFCdPFCm_11	Default	7Networks_RH_Default_PFCdPFCm_11	380.0	17Networks_RH_DefaultB_PFCd_4	DefaultB	4S456	n/a
390	RH_Default_PFCdPFCm_12	Default	7Networks_RH_Default_PFCdPFCm_12	362.0	17Networks_RH_DefaultA_PFCd_2	DefaultA	4S456	n/a
391	RH_Default_PFCdPFCm_13	Default	7Networks_RH_Default_PFCdPFCm_13	381.0	17Networks_RH_DefaultB_PFCd_5	DefaultB	4S456	n/a
392	RH_Default_pCunPCC_1	Default	7Networks_RH_Default_pCunPCC_1	388.0	17Networks_RH_DefaultC_Rsp_2	DefaultC	4S456	n/a
393	RH_Default_pCunPCC_2	Default	7Networks_RH_Default_pCunPCC_2	356.0	17Networks_RH_ContC_Cingp_1	ContC	4S456	n/a
394	RH_Default_pCunPCC_3	Default	7Networks_RH_Default_pCunPCC_3	351.0	17Networks_RH_ContC_pCun_1	ContC	4S456	n/a
395	RH_Default_pCunPCC_4	Default	7Networks_RH_Default_pCunPCC_4	363.0	17Networks_RH_DefaultA_pCunPCC_1	DefaultA	4S456	n/a
396	RH_Default_pCunPCC_5	Default	7Networks_RH_Default_pCunPCC_5	364.0	17Networks_RH_DefaultA_pCunPCC_2	DefaultA	4S456	n/a
397	RH_Default_pCunPCC_6	Default	7Networks_RH_Default_pCunPCC_6	365.0	17Networks_RH_DefaultA_pCunPCC_3	DefaultA	4S456	n/a
398	RH_Default_pCunPCC_7	Default	7Networks_RH_Default_pCunPCC_7	366.0	17Networks_RH_DefaultA_pCunPCC_4	DefaultA	4S456	n/a
399	RH_Default_pCunPCC_8	Default	7Networks_RH_Default_pCunPCC_8	367.0	17Networks_RH_DefaultA_pCunPCC_5	DefaultA	4S456	n/a
400	RH_Default_pCunPCC_9	Default	7Networks_RH_Default_pCunPCC_9	354.0	17Networks_RH_ContC_pCun_4	ContC	4S456	n/a
401	LH-Pu	n/a	n/a	n/a	n/a	n/a	CIT168Subcortical	n/a
402	LH-Ca	n/a	n/a	n/a	n/a	n/a	CIT168Subcortical	n/a
403	LH-NAC	n/a	n/a	n/a	n/a	n/a	CIT168Subcortical	n/a
404	LH-EXA	n/a	n/a	n/a	n/a	n/a	CIT168Subcortical	n/a
405	LH-GPe	n/a	n/a	n/a	n/a	n/a	CIT168Subcortical	n/a
406	LH-GPi	n/a	n/a	n/a	n/a	n/a	CIT168Subcortical	n/a
407	LH-SNc_PBP_VTA	n/a	n/a	n/a	n/a	n/a	CIT168Subcortical	n/a
408	LH-RN	n/a	n/a	n/a	n/a	n/a	CIT168Subcortical	n/a
409	LH-SNr	n/a	n/a	n/a	n/a	n/a	CIT168Subcortical	n/a
410	LH-VeP	n/a	n/a	n/a	n/a	n/a	CIT168Subcortical	n/a
411	LH-HN	n/a	n/a	n/a	n/a	n/a	CIT168Subcortical	n/a
412	LH-HTH	n/a	n/a	n/a	n/a	n/a	CIT168Subcortical	n/a
413	LH-MN	n/a	n/a	n/a	n/a	n/a	CIT168Subcortical	n/a
414	LH-STH	n/a	n/a	n/a	n/a	n/a	CIT168Subcortical	n/a
415	RH-Pu	n/a	n/a	n/a	n/a	n/a	CIT168Subcortical	n/a
416	RH-Ca	n/a	n/a	n/a	n/a	n/a	CIT168Subcortical	n/a
417	RH-NAC	n/a	n/a	n/a	n/a	n/a	CIT168Subcortical	n/a
418	RH-EXA	n/a	n/a	n/a	n/a	n/a	CIT168Subcortical	n/a
419	RH-GPe	n/a	n/a	n/a	n/a	n/a	CIT168Subcortical	n/a
420	RH-GPi	n/a	n/a	n/a	n/a	n/a	CIT168Subcortical	n/a
421	RH-SNc_PBP_VTA	n/a	n/a	n/a	n/a	n/a	CIT168Subcortical	n/a
422	RH-RN	n/a	n/a	n/a	n/a	n/a	CIT168Subcortical	n/a
423	RH-SNr	n/a	n/a	n/a	n/a	n/a	CIT168Subcortical	n/a
424	RH-VeP	n/a	n/a	n/a	n/a	n/a	CIT168Subcortical	n/a
425	RH-HN	n/a	n/a	n/a	n/a	n/a	CIT168Subcortical	n/a
426	RH-HTH	n/a	n/a	n/a	n/a	n/a	CIT168Subcortical	n/a
427	RH-MN	n/a	n/a	n/a	n/a	n/a	CIT168Subcortical	n/a
428	RH-STH	n/a	n/a	n/a	n/a	n/a	CIT168Subcortical	n/a
429	LH-Pulvinar	n/a	n/a	n/a	n/a	n/a	ThalamusHCP	n/a
430	LH-Anterior	n/a	n/a	n/a	n/a	n/a	ThalamusHCP	n/a
431	LH-Medio_Dorsal	n/a	n/a	n/a	n/a	n/a	ThalamusHCP	n/a
432	LH-Ventral_Latero_Dorsal	n/a	n/a	n/a	n/a	n/a	ThalamusHCP	n/a
433	LH-Central_Lateral-Lateral_Posterior-Medial_Pulvinar	n/a	n/a	n/a	n/a	n/a	ThalamusHCP	n/a
434	LH-Ventral_Anterior	n/a	n/a	n/a	n/a	n/a	ThalamusHCP	n/a
435	LH-Ventral_Latero_Ventral	n/a	n/a	n/a	n/a	n/a	ThalamusHCP	n/a
436	RH-Pulvinar	n/a	n/a	n/a	n/a	n/a	ThalamusHCP	n/a
437	RH-Anterior	n/a	n/a	n/a	n/a	n/a	ThalamusHCP	n/a
438	RH-Medio_Dorsal	n/a	n/a	n/a	n/a	n/a	ThalamusHCP	n/a
439	RH-Ventral_Latero_Dorsal	n/a	n/a	n/a	n/a	n/a	ThalamusHCP	n/a
440	RH-Central_Lateral-Lateral_Posterior-Medial_Pulvinar	n/a	n/a	n/a	n/a	n/a	ThalamusHCP	n/a
441	RH-Ventral_Anterior	n/a	n/a	n/a	n/a	n/a	ThalamusHCP	n/a
442	RH-Ventral_Latero_Ventral	n/a	n/a	n/a	n/a	n/a	ThalamusHCP	n/a
443	LH_Hippocampus	n/a	n/a	n/a	n/a	n/a	SubcorticalHCP	n/a
444	LH_Amygdala	n/a	n/a	n/a	n/a	n/a	SubcorticalHCP	n/a
445	RH_Hippocampus	n/a	n/a	n/a	n/a	n/a	SubcorticalHCP	n/a
446	RH_Amygdala	n/a	n/a	n/a	n/a	n/a	SubcorticalHCP	n/a
447	Cerebellar_Region1	n/a	n/a	n/a	n/a	n/a	Cerebellum	n/a
448	Cerebellar_Region2	n/a	n/a	n/a	n/a	n/a	Cerebellum	n/a
449	Cerebellar_Region3	n/a	n/a	n/a	n/a	n/a	Cerebellum	n/a
450	Cerebellar_Region4	n/a	n/a	n/a	n/a	n/a	Cerebellum	n/a
451	Cerebellar_Region5	n/a	n/a	n/a	n/a	n/a	Cerebellum	n/a
452	Cerebellar_Region6	n/a	n/a	n/a	n/a	n/a	Cerebellum	n/a
453	Cerebellar_Region7	n/a	n/a	n/a	n/a	n/a	Cerebellum	n/a
454	Cerebellar_Region8	n/a	n/a	n/a	n/a	n/a	Cerebellum	n/a
455	Cerebellar_Region9	n/a	n/a	n/a	n/a	n/a	Cerebellum	n/a
456	Cerebellar_Region10	n/a	n/a	n/a	n/a	n/a	Cerebellum	n/a
