	index	ROIName7	R	A	S	tf_label_7	tf_color_7	ROILabel17	ROIName17	tf_label_17	tf_color_17
0	1	7Networks_LH_Vis_1	-26	-44	-14	7Networks_LH_Vis_1	#781081	92	17Networks_LH_DorsAttnA_TempOcc_2	17Networks_LH_DorsAttnA_TempOcc_1	#4a9b3a
1	2	7Networks_LH_Vis_2	-34	-58	-16	7Networks_LH_Vis_2	#781082	4	17Networks_LH_VisCent_ExStr_1	17Networks_LH_VisCent_ExStr_4	#781281
2	3	7Networks_LH_Vis_3	-32	-42	-10	7Networks_LH_Vis_3	#781083	290	17Networks_LH_DefaultC_PHC_3	17Networks_LH_DefaultC_PHC_3	#000184
3	4	7Networks_LH_Vis_4	-34	-78	-16	7Networks_LH_Vis_4	#781084	5	17Networks_LH_VisCent_ExStr_2	17Networks_LH_VisCent_ExStr_5	#781282
4	5	7Networks_LH_Vis_5	-26	-58	-10	7Networks_LH_Vis_5	#781085	6	17Networks_LH_VisCent_ExStr_3	17Networks_LH_VisCent_ExStr_6	#781283
5	6	7Networks_LH_Vis_6	-22	-74	-10	7Networks_LH_Vis_6	#781086	7	17Networks_LH_VisCent_ExStr_4	17Networks_LH_VisCent_ExStr_7	#781284
6	7	7Networks_LH_Vis_7	-40	-82	-16	7Networks_LH_Vis_7	#78117f	8	17Networks_LH_VisCent_ExStr_5	17Networks_LH_VisCent_ExStr_8	#781285
7	8	7Networks_LH_Vis_8	-18	-86	-16	7Networks_LH_Vis_8	#781180	9	17Networks_LH_VisCent_ExStr_6	17Networks_LH_VisCent_ExStr_9	#781286
8	9	7Networks_LH_Vis_9	-20	-48	-8	7Networks_LH_Vis_9	#781181	26	17Networks_LH_VisPeri_ExStrInf_1	17Networks_LH_VisPeri_ExStrSup_5	#ff0105
9	10	7Networks_LH_Vis_10	-46	-72	-6	7Networks_LH_Vis_10	#781182	94	17Networks_LH_DorsAttnA_TempOcc_4	17Networks_LH_DorsAttnA_TempOcc_3	#4a9b3d
10	11	7Networks_LH_Vis_11	-14	-36	-10	7Networks_LH_Vis_11	#781183	292	17Networks_LH_DefaultC_PHC_5	17Networks_LH_DefaultC_PHC_5	#000186
11	12	7Networks_LH_Vis_12	-12	-62	-4	7Networks_LH_Vis_12	#781184	27	17Networks_LH_VisPeri_ExStrInf_2	17Networks_LH_VisPeri_ExStrSup_6	#ff0106
12	13	7Networks_LH_Vis_13	-6	-76	-6	7Networks_LH_Vis_13	#781185	28	17Networks_LH_VisPeri_ExStrInf_3	17Networks_LH_VisPeri_ExStrSup_7	#ff0107
13	14	7Networks_LH_Vis_14	-44	-86	-4	7Networks_LH_Vis_14	#781186	10	17Networks_LH_VisCent_ExStr_7	17Networks_LH_VisCent_ExStr_10	#781288
14	15	7Networks_LH_Vis_15	-24	-98	-12	7Networks_LH_Vis_15	#78127f	11	17Networks_LH_VisCent_ExStr_8	17Networks_LH_VisCent_ExStr_11	#781289
15	16	7Networks_LH_Vis_16	-6	-94	-14	7Networks_LH_Vis_16	#781280	1	17Networks_LH_VisCent_Striate_1	17Networks_LH_VisCent_ExStr_1	#781186
16	17	7Networks_LH_Vis_17	-14	-42	-4	7Networks_LH_Vis_17	#781281	29	17Networks_LH_VisPeri_ExStrInf_4	17Networks_LH_VisPeri_ExStrSup_8	#ff0200
17	18	7Networks_LH_Vis_18	-46	-76	4	7Networks_LH_Vis_18	#781282	12	17Networks_LH_VisCent_ExStr_9	17Networks_LH_VisCent_ExStr_12	#78128a
18	19	7Networks_LH_Vis_19	-6	-62	4	7Networks_LH_Vis_19	#781283	21	17Networks_LH_VisPeri_StriCal_1	17Networks_LH_VisCent_ExStr_21	#78138b
19	20	7Networks_LH_Vis_20	-2	-70	4	7Networks_LH_Vis_20	#781284	22	17Networks_LH_VisPeri_StriCal_2	17Networks_LH_VisPeri_ExStrSup_1	#ff0101
20	21	7Networks_LH_Vis_21	-16	-56	0	7Networks_LH_Vis_21	#781285	30	17Networks_LH_VisPeri_ExStrInf_5	17Networks_LH_VisPeri_ExStrSup_9	#ff0201
21	22	7Networks_LH_Vis_22	-6	-86	0	7Networks_LH_Vis_22	#781287	23	17Networks_LH_VisPeri_StriCal_3	17Networks_LH_VisPeri_ExStrSup_2	#ff0102
22	23	7Networks_LH_Vis_23	-36	-90	2	7Networks_LH_Vis_23	#781288	13	17Networks_LH_VisCent_ExStr_10	17Networks_LH_VisCent_ExStr_13	#78128b
23	24	7Networks_LH_Vis_24	-8	-102	-2	7Networks_LH_Vis_24	#781289	2	17Networks_LH_VisCent_Striate_2	17Networks_LH_VisCent_ExStr_2	#781187
24	25	7Networks_LH_Vis_25	-12	-46	2	7Networks_LH_Vis_25	#78128a	284	17Networks_LH_DefaultC_Rsp_1	17Networks_LH_DefaultC_Rsp_1	#000085
25	26	7Networks_LH_Vis_26	-6	-94	0	7Networks_LH_Vis_26	#78128b	3	17Networks_LH_VisCent_Striate_3	17Networks_LH_VisCent_ExStr_3	#781280
26	27	7Networks_LH_Vis_27	-20	-100	4	7Networks_LH_Vis_27	#78128c	14	17Networks_LH_VisCent_ExStr_11	17Networks_LH_VisCent_ExStr_14	#78128c
27	28	7Networks_LH_Vis_28	-10	-72	8	7Networks_LH_Vis_28	#78128d	24	17Networks_LH_VisPeri_StriCal_4	17Networks_LH_VisPeri_ExStrSup_3	#ff0103
28	29	7Networks_LH_Vis_29	-48	-72	14	7Networks_LH_Vis_29	#781386	97	17Networks_LH_DorsAttnA_ParOcc_1	17Networks_LH_DorsAttnA_TempOcc_6	#4a9b40
29	30	7Networks_LH_Vis_30	-28	-92	10	7Networks_LH_Vis_30	#781387	15	17Networks_LH_VisCent_ExStr_12	17Networks_LH_VisCent_ExStr_15	#78128d
30	31	7Networks_LH_Vis_31	-20	-62	8	7Networks_LH_Vis_31	#781388	31	17Networks_LH_VisPeri_ExStrSup_1	17Networks_LH_VisPeri_ExStrSup_10	#ff0202
31	32	7Networks_LH_Vis_32	-44	-80	16	7Networks_LH_Vis_32	#781389	98	17Networks_LH_DorsAttnA_ParOcc_2	17Networks_LH_DorsAttnA_TempOcc_7	#4a9b41
32	33	7Networks_LH_Vis_33	-2	-82	10	7Networks_LH_Vis_33	#78138a	25	17Networks_LH_VisPeri_StriCal_5	17Networks_LH_VisPeri_ExStrSup_4	#ff0104
33	34	7Networks_LH_Vis_34	-6	-98	14	7Networks_LH_Vis_34	#78138b	16	17Networks_LH_VisCent_ExStr_13	17Networks_LH_VisCent_ExStr_16	#78128e
34	35	7Networks_LH_Vis_35	-36	-88	18	7Networks_LH_Vis_35	#78138c	17	17Networks_LH_VisCent_ExStr_14	17Networks_LH_VisCent_ExStr_17	#781387
35	36	7Networks_LH_Vis_36	-18	-94	20	7Networks_LH_Vis_36	#78138d	18	17Networks_LH_VisCent_ExStr_15	17Networks_LH_VisCent_ExStr_18	#781388
36	37	7Networks_LH_Vis_37	-6	-68	16	7Networks_LH_Vis_37	#781486	32	17Networks_LH_VisPeri_ExStrSup_2	17Networks_LH_VisPeri_ExStrSup_11	#ff0203
37	38	7Networks_LH_Vis_38	-16	-66	16	7Networks_LH_Vis_38	#781487	33	17Networks_LH_VisPeri_ExStrSup_3	17Networks_LH_VisPeri_ExStrSup_12	#ff0204
38	39	7Networks_LH_Vis_39	-4	-84	24	7Networks_LH_Vis_39	#781488	34	17Networks_LH_VisPeri_ExStrSup_4	17Networks_LH_VisPeri_ExStrSup_13	#ff0205
39	40	7Networks_LH_Vis_40	-28	-84	20	7Networks_LH_Vis_40	#781489	19	17Networks_LH_VisCent_ExStr_16	17Networks_LH_VisCent_ExStr_19	#781389
40	41	7Networks_LH_Vis_41	-12	-76	24	7Networks_LH_Vis_41	#78148a	35	17Networks_LH_VisPeri_ExStrSup_5	17Networks_LH_VisPeri_ExStrSup_14	#ff0206
41	42	7Networks_LH_Vis_42	-14	-90	34	7Networks_LH_Vis_42	#78148b	36	17Networks_LH_VisPeri_ExStrSup_6	17Networks_LH_VisPeri_ExStrSup_15	#ff0207
42	43	7Networks_LH_Vis_43	-22	-84	28	7Networks_LH_Vis_43	#78148c	20	17Networks_LH_VisCent_ExStr_17	17Networks_LH_VisCent_ExStr_20	#78138a
43	44	7Networks_LH_Vis_44	-12	-82	38	7Networks_LH_Vis_44	#78148d	37	17Networks_LH_VisPeri_ExStrSup_7	17Networks_LH_VisPeri_ExStrSup_16	#ff0300
44	45	7Networks_LH_Vis_45	-22	-84	44	7Networks_LH_Vis_45	#781586	102	17Networks_LH_DorsAttnA_SPL_2	17Networks_LH_DorsAttnA_SPL_3	#4a9c3a
45	46	7Networks_LH_SomMot_1	-52	0	-4	7Networks_LH_SomMot_1	#467fb2	84	17Networks_LH_SomMotB_Aud_1	17Networks_LH_SomMotB_Aud_17	#2bccab
46	47	7Networks_LH_SomMot_2	-58	-16	6	7Networks_LH_SomMot_2	#467fb3	85	17Networks_LH_SomMotB_Aud_2	17Networks_LH_SomMotB_Aud_18	#2bcda4
47	48	7Networks_LH_SomMot_3	-44	-20	4	7Networks_LH_SomMot_3	#467fb4	86	17Networks_LH_SomMotB_Aud_3	17Networks_LH_SomMotB_Aud_19	#2bcda5
48	49	7Networks_LH_SomMot_4	-60	-26	10	7Networks_LH_SomMot_4	#4680ad	87	17Networks_LH_SomMotB_Aud_4	17Networks_LH_SomMotB_Aud_20	#2bcda6
49	50	7Networks_LH_SomMot_5	-62	-36	8	7Networks_LH_SomMot_5	#4680ae	297	17Networks_LH_TempPar_5	17Networks_LH_TempPar_5	#0929fb
50	51	7Networks_LH_SomMot_6	-46	-26	8	7Networks_LH_SomMot_6	#4680af	88	17Networks_LH_SomMotB_Aud_5	17Networks_LH_SomMotB_Aud_21	#2bcda7
51	52	7Networks_LH_SomMot_7	-36	-12	14	7Networks_LH_SomMot_7	#4680b0	75	17Networks_LH_SomMotB_S2_1	17Networks_LH_SomMotB_Aud_8	#2bcca1
52	53	7Networks_LH_SomMot_8	-34	-26	12	7Networks_LH_SomMot_8	#4680b1	83	17Networks_LH_SomMotB_Ins_1	17Networks_LH_SomMotB_Aud_16	#2bccaa
53	54	7Networks_LH_SomMot_9	-44	-4	14	7Networks_LH_SomMot_9	#4680b2	133	17Networks_LH_SalVentAttnA_FrOper_2	17Networks_LH_SalVentAttnA_Ins_2	#c43bf8
54	55	7Networks_LH_SomMot_10	-40	-14	18	7Networks_LH_SomMot_10	#4680b3	76	17Networks_LH_SomMotB_S2_2	17Networks_LH_SomMotB_Aud_9	#2bcca2
55	56	7Networks_LH_SomMot_11	-58	-36	16	7Networks_LH_SomMot_11	#4680b4	89	17Networks_LH_SomMotB_Aud_6	17Networks_LH_SomMotB_Aud_22	#2bcda8
56	57	7Networks_LH_SomMot_12	-42	-36	14	7Networks_LH_SomMot_12	#4681ad	90	17Networks_LH_SomMotB_Aud_7	17Networks_LH_SomMotB_Aud_23	#2bcda9
57	58	7Networks_LH_SomMot_13	-38	-26	20	7Networks_LH_SomMot_13	#4681ae	77	17Networks_LH_SomMotB_S2_3	17Networks_LH_SomMotB_Aud_10	#2bcca3
58	59	7Networks_LH_SomMot_14	-50	-14	14	7Networks_LH_SomMot_14	#4681af	78	17Networks_LH_SomMotB_S2_4	17Networks_LH_SomMotB_Aud_11	#2bcca5
59	60	7Networks_LH_SomMot_15	-60	2	12	7Networks_LH_SomMot_15	#4681b0	79	17Networks_LH_SomMotB_S2_5	17Networks_LH_SomMotB_Aud_12	#2bcca6
60	61	7Networks_LH_SomMot_16	-62	-8	10	7Networks_LH_SomMot_16	#4681b1	80	17Networks_LH_SomMotB_S2_6	17Networks_LH_SomMotB_Aud_13	#2bcca7
61	62	7Networks_LH_SomMot_17	-48	-26	18	7Networks_LH_SomMot_17	#4681b2	81	17Networks_LH_SomMotB_S2_7	17Networks_LH_SomMotB_Aud_14	#2bcca8
62	63	7Networks_LH_SomMot_18	-60	-18	20	7Networks_LH_SomMot_18	#4681b3	82	17Networks_LH_SomMotB_S2_8	17Networks_LH_SomMotB_Aud_15	#2bcca9
63	64	7Networks_LH_SomMot_19	-60	-4	20	7Networks_LH_SomMot_19	#4681b4	67	17Networks_LH_SomMotB_Cent_1	17Networks_LH_SomMotA_29	#4684b4
64	65	7Networks_LH_SomMot_20	-64	-10	26	7Networks_LH_SomMot_20	#4682ad	68	17Networks_LH_SomMotB_Cent_2	17Networks_LH_SomMotB_Aud_1	#2bcba2
65	66	7Networks_LH_SomMot_21	-56	-10	32	7Networks_LH_SomMot_21	#4682ae	69	17Networks_LH_SomMotB_Cent_3	17Networks_LH_SomMotB_Aud_2	#2bcba3
66	67	7Networks_LH_SomMot_22	-54	-4	34	7Networks_LH_SomMot_22	#4682af	70	17Networks_LH_SomMotB_Cent_4	17Networks_LH_SomMotB_Aud_3	#2bcba4
67	68	7Networks_LH_SomMot_23	-58	-16	40	7Networks_LH_SomMot_23	#4682b0	71	17Networks_LH_SomMotB_Cent_5	17Networks_LH_SomMotB_Aud_4	#2bcc9d
68	69	7Networks_LH_SomMot_24	-50	-16	40	7Networks_LH_SomMot_24	#4682b1	72	17Networks_LH_SomMotB_Cent_6	17Networks_LH_SomMotB_Aud_5	#2bcc9e
69	70	7Networks_LH_SomMot_25	-56	-20	48	7Networks_LH_SomMot_25	#4682b2	38	17Networks_LH_SomMotA_1	17Networks_LH_VisPeri_ExStrSup_17	#ff0301
70	71	7Networks_LH_SomMot_26	-8	-8	42	7Networks_LH_SomMot_26	#4682b3	39	17Networks_LH_SomMotA_2	17Networks_LH_SomMotA_1	#4681af
71	72	7Networks_LH_SomMot_27	-52	-4	48	7Networks_LH_SomMot_27	#4682b5	73	17Networks_LH_SomMotB_Cent_7	17Networks_LH_SomMotB_Aud_6	#2bcc9f
72	73	7Networks_LH_SomMot_28	-42	-18	40	7Networks_LH_SomMot_28	#4682b6	74	17Networks_LH_SomMotB_Cent_8	17Networks_LH_SomMotB_Aud_7	#2bcca0
73	74	7Networks_LH_SomMot_29	-48	-16	52	7Networks_LH_SomMot_29	#4682b7	40	17Networks_LH_SomMotA_3	17Networks_LH_SomMotA_2	#4681b0
74	75	7Networks_LH_SomMot_30	-50	-26	54	7Networks_LH_SomMot_30	#4682b8	41	17Networks_LH_SomMotA_4	17Networks_LH_SomMotA_3	#4681b1
75	76	7Networks_LH_SomMot_31	-42	-12	50	7Networks_LH_SomMot_31	#4682b9	42	17Networks_LH_SomMotA_5	17Networks_LH_SomMotA_4	#4681b2
76	77	7Networks_LH_SomMot_32	-6	-14	50	7Networks_LH_SomMot_32	#4682ba	43	17Networks_LH_SomMotA_6	17Networks_LH_SomMotA_5	#4681b3
77	78	7Networks_LH_SomMot_33	-46	-24	64	7Networks_LH_SomMot_33	#4682bb	44	17Networks_LH_SomMotA_7	17Networks_LH_SomMotA_6	#4681b4
78	79	7Networks_LH_SomMot_34	-40	-24	52	7Networks_LH_SomMot_34	#4683b4	45	17Networks_LH_SomMotA_8	17Networks_LH_SomMotA_7	#4682ad
79	80	7Networks_LH_SomMot_35	-40	-36	62	7Networks_LH_SomMot_35	#4683b5	46	17Networks_LH_SomMotA_9	17Networks_LH_SomMotA_8	#4682ae
80	81	7Networks_LH_SomMot_36	-36	-46	62	7Networks_LH_SomMot_36	#4683b6	118	17Networks_LH_DorsAttnB_PostC_7	17Networks_LH_DorsAttnB_PostC_7	#007613
81	82	7Networks_LH_SomMot_37	-36	-20	64	7Networks_LH_SomMot_37	#4683b7	47	17Networks_LH_SomMotA_10	17Networks_LH_SomMotA_9	#4682af
82	83	7Networks_LH_SomMot_38	-4	-8	60	7Networks_LH_SomMot_38	#4683b8	48	17Networks_LH_SomMotA_11	17Networks_LH_SomMotA_10	#4682b0
83	84	7Networks_LH_SomMot_39	-8	-40	58	7Networks_LH_SomMot_39	#4683b9	49	17Networks_LH_SomMotA_12	17Networks_LH_SomMotA_11	#4682b1
84	85	7Networks_LH_SomMot_40	-4	-26	58	7Networks_LH_SomMot_40	#4683ba	50	17Networks_LH_SomMotA_13	17Networks_LH_SomMotA_12	#4682b2
85	86	7Networks_LH_SomMot_41	-30	-12	62	7Networks_LH_SomMot_41	#4683bb	51	17Networks_LH_SomMotA_14	17Networks_LH_SomMotA_13	#4682b3
86	87	7Networks_LH_SomMot_42	-26	-40	58	7Networks_LH_SomMot_42	#4684b4	52	17Networks_LH_SomMotA_15	17Networks_LH_SomMotA_14	#4682b5
87	88	7Networks_LH_SomMot_43	-32	-30	62	7Networks_LH_SomMot_43	#4684b5	53	17Networks_LH_SomMotA_16	17Networks_LH_SomMotA_15	#4682b6
88	89	7Networks_LH_SomMot_44	-26	-48	64	7Networks_LH_SomMot_44	#4684b6	54	17Networks_LH_SomMotA_17	17Networks_LH_SomMotA_16	#4682b7
89	90	7Networks_LH_SomMot_45	-30	-36	70	7Networks_LH_SomMot_45	#4684b7	55	17Networks_LH_SomMotA_18	17Networks_LH_SomMotA_17	#4682b8
90	91	7Networks_LH_SomMot_46	-20	-12	72	7Networks_LH_SomMot_46	#4684b8	56	17Networks_LH_SomMotA_19	17Networks_LH_SomMotA_18	#4682b9
91	92	7Networks_LH_SomMot_47	-20	-24	68	7Networks_LH_SomMot_47	#4684b9	57	17Networks_LH_SomMotA_20	17Networks_LH_SomMotA_19	#4682ba
92	93	7Networks_LH_SomMot_48	-8	-42	70	7Networks_LH_SomMot_48	#4684ba	58	17Networks_LH_SomMotA_21	17Networks_LH_SomMotA_20	#4682bb
93	94	7Networks_LH_SomMot_49	-22	-38	70	7Networks_LH_SomMot_49	#4684bb	59	17Networks_LH_SomMotA_22	17Networks_LH_SomMotA_21	#4683b4
94	95	7Networks_LH_SomMot_50	-20	-30	68	7Networks_LH_SomMot_50	#4685b4	60	17Networks_LH_SomMotA_23	17Networks_LH_SomMotA_22	#4683b5
95	96	7Networks_LH_SomMot_51	-2	-30	68	7Networks_LH_SomMot_51	#4685b5	61	17Networks_LH_SomMotA_24	17Networks_LH_SomMotA_23	#4683b6
96	97	7Networks_LH_SomMot_52	-6	-16	72	7Networks_LH_SomMot_52	#4685b6	62	17Networks_LH_SomMotA_25	17Networks_LH_SomMotA_24	#4683b7
97	98	7Networks_LH_SomMot_53	-18	-46	72	7Networks_LH_SomMot_53	#4685b7	63	17Networks_LH_SomMotA_26	17Networks_LH_SomMotA_25	#4683b8
98	99	7Networks_LH_SomMot_54	-14	-12	72	7Networks_LH_SomMot_54	#4685b8	64	17Networks_LH_SomMotA_27	17Networks_LH_SomMotA_26	#4683b9
99	100	7Networks_LH_SomMot_55	-12	-26	74	7Networks_LH_SomMot_55	#4685b9	65	17Networks_LH_SomMotA_28	17Networks_LH_SomMotA_27	#4683ba
100	101	7Networks_LH_SomMot_56	-10	-34	74	7Networks_LH_SomMot_56	#4685ba	66	17Networks_LH_SomMotA_29	17Networks_LH_SomMotA_28	#4683bb
101	102	7Networks_LH_DorsAttn_Post_1	-46	-46	-20	7Networks_LH_DorsAttn_Post_1	#00750a	91	17Networks_LH_DorsAttnA_TempOcc_1	17Networks_LH_SomMotB_Aud_24	#2bcdaa
102	103	7Networks_LH_DorsAttn_Post_2	-54	-56	-18	7Networks_LH_DorsAttn_Post_2	#00750b	187	17Networks_LH_ContA_Temp_1	17Networks_LH_ContA_Temp_1	#e69423
103	104	7Networks_LH_DorsAttn_Post_3	-44	-62	-14	7Networks_LH_DorsAttn_Post_3	#00750c	93	17Networks_LH_DorsAttnA_TempOcc_3	17Networks_LH_DorsAttnA_TempOcc_2	#4a9b3b
104	105	7Networks_LH_DorsAttn_Post_4	-48	-64	-2	7Networks_LH_DorsAttn_Post_4	#00750d	95	17Networks_LH_DorsAttnA_TempOcc_5	17Networks_LH_DorsAttnA_TempOcc_4	#4a9b3e
105	106	7Networks_LH_DorsAttn_Post_5	-58	-58	-2	7Networks_LH_DorsAttn_Post_5	#00750e	188	17Networks_LH_ContA_Temp_2	17Networks_LH_ContA_Temp_2	#e69424
106	107	7Networks_LH_DorsAttn_Post_6	-52	-66	8	7Networks_LH_DorsAttn_Post_6	#007607	96	17Networks_LH_DorsAttnA_TempOcc_6	17Networks_LH_DorsAttnA_TempOcc_5	#4a9b3f
107	108	7Networks_LH_DorsAttn_Post_7	-46	-62	14	7Networks_LH_DorsAttn_Post_7	#007608	99	17Networks_LH_DorsAttnA_ParOcc_3	17Networks_LH_DorsAttnA_TempOcc_8	#4a9b42
108	109	7Networks_LH_DorsAttn_Post_8	-30	-84	28	7Networks_LH_DorsAttn_Post_8	#007609	100	17Networks_LH_DorsAttnA_ParOcc_4	17Networks_LH_DorsAttnA_SPL_1	#4a9c38
109	110	7Networks_LH_DorsAttn_Post_9	-28	-70	30	7Networks_LH_DorsAttn_Post_9	#00760a	101	17Networks_LH_DorsAttnA_SPL_1	17Networks_LH_DorsAttnA_SPL_2	#4a9c39
110	111	7Networks_LH_DorsAttn_Post_10	-22	-74	38	7Networks_LH_DorsAttn_Post_10	#00760b	103	17Networks_LH_DorsAttnA_SPL_3	17Networks_LH_DorsAttnA_SPL_4	#4a9c3b
111	112	7Networks_LH_DorsAttn_Post_11	-54	-24	40	7Networks_LH_DorsAttn_Post_11	#00760c	113	17Networks_LH_DorsAttnB_PostC_2	17Networks_LH_DorsAttnB_PostC_2	#00760d
112	113	7Networks_LH_DorsAttn_Post_12	-54	-32	46	7Networks_LH_DorsAttn_Post_12	#00760d	114	17Networks_LH_DorsAttnB_PostC_3	17Networks_LH_DorsAttnB_PostC_3	#00760e
113	114	7Networks_LH_DorsAttn_Post_13	-24	-66	42	7Networks_LH_DorsAttn_Post_13	#00760f	104	17Networks_LH_DorsAttnA_SPL_4	17Networks_LH_DorsAttnA_SPL_5	#4a9c3d
114	115	7Networks_LH_DorsAttn_Post_14	-48	-28	44	7Networks_LH_DorsAttn_Post_14	#007610	115	17Networks_LH_DorsAttnB_PostC_4	17Networks_LH_DorsAttnB_PostC_4	#007610
115	116	7Networks_LH_DorsAttn_Post_15	-20	-68	46	7Networks_LH_DorsAttn_Post_15	#007611	105	17Networks_LH_DorsAttnA_SPL_5	17Networks_LH_DorsAttnA_SPL_6	#4a9c3e
116	117	7Networks_LH_DorsAttn_Post_16	-34	-42	42	7Networks_LH_DorsAttn_Post_16	#007612	194	17Networks_LH_ContA_IPS_6	17Networks_LH_ContA_IPS_6	#e69429
117	118	7Networks_LH_DorsAttn_Post_17	-16	-76	50	7Networks_LH_DorsAttn_Post_17	#007613	106	17Networks_LH_DorsAttnA_SPL_6	17Networks_LH_DorsAttnA_SPL_7	#4a9c3f
118	119	7Networks_LH_DorsAttn_Post_18	-42	-34	46	7Networks_LH_DorsAttn_Post_18	#007614	116	17Networks_LH_DorsAttnB_PostC_5	17Networks_LH_DorsAttnB_PostC_5	#007611
119	120	7Networks_LH_DorsAttn_Post_19	-28	-58	54	7Networks_LH_DorsAttn_Post_19	#007615	107	17Networks_LH_DorsAttnA_SPL_7	17Networks_LH_DorsAttnA_SPL_8	#4a9c40
120	121	7Networks_LH_DorsAttn_Post_20	-26	-64	56	7Networks_LH_DorsAttn_Post_20	#00770e	108	17Networks_LH_DorsAttnA_SPL_8	17Networks_LH_DorsAttnA_SPL_9	#4a9c41
121	122	7Networks_LH_DorsAttn_Post_21	-6	-70	54	7Networks_LH_DorsAttn_Post_21	#00770f	223	17Networks_LH_ContC_pCun_4	17Networks_LH_ContC_pCun_4	#778cb3
122	123	7Networks_LH_DorsAttn_Post_22	-36	-52	54	7Networks_LH_DorsAttn_Post_22	#007710	109	17Networks_LH_DorsAttnA_SPL_9	17Networks_LH_DorsAttnA_SPL_10	#4a9c42
123	124	7Networks_LH_DorsAttn_Post_23	-38	-40	54	7Networks_LH_DorsAttn_Post_23	#007711	117	17Networks_LH_DorsAttnB_PostC_6	17Networks_LH_DorsAttnB_PostC_6	#007612
124	125	7Networks_LH_DorsAttn_Post_24	-18	-70	60	7Networks_LH_DorsAttn_Post_24	#007712	110	17Networks_LH_DorsAttnA_SPL_10	17Networks_LH_DorsAttnA_SPL_11	#4a9c43
125	126	7Networks_LH_DorsAttn_Post_25	-30	-60	64	7Networks_LH_DorsAttn_Post_25	#007713	111	17Networks_LH_DorsAttnA_SPL_11	17Networks_LH_DorsAttnA_SPL_12	#4a9d3c
126	127	7Networks_LH_DorsAttn_Post_26	-6	-58	62	7Networks_LH_DorsAttn_Post_26	#007714	119	17Networks_LH_DorsAttnB_PostC_8	17Networks_LH_DorsAttnB_PostC_8	#007614
127	128	7Networks_LH_DorsAttn_Post_27	-20	-58	66	7Networks_LH_DorsAttn_Post_27	#007715	120	17Networks_LH_DorsAttnB_PostC_9	17Networks_LH_DorsAttnB_PostC_9	#007615
128	129	7Networks_LH_DorsAttn_Post_28	-8	-54	70	7Networks_LH_DorsAttn_Post_28	#00780e	121	17Networks_LH_DorsAttnB_PostC_10	17Networks_LH_DorsAttnB_PostC_10	#007616
129	130	7Networks_LH_DorsAttn_FEF_1	-38	-2	52	7Networks_LH_DorsAttn_FEF_1	#007616	122	17Networks_LH_DorsAttnB_FEF_1	17Networks_LH_DorsAttnB_FEF_1	#00770f
130	131	7Networks_LH_DorsAttn_FEF_2	-24	-6	52	7Networks_LH_DorsAttn_FEF_2	#007716	123	17Networks_LH_DorsAttnB_FEF_2	17Networks_LH_DorsAttnB_FEF_2	#007710
131	132	7Networks_LH_DorsAttn_FEF_3	-20	-10	62	7Networks_LH_DorsAttn_FEF_3	#00780f	124	17Networks_LH_DorsAttnB_FEF_3	17Networks_LH_DorsAttnB_FEF_3	#007711
132	133	7Networks_LH_DorsAttn_FEF_4	-18	-2	68	7Networks_LH_DorsAttn_FEF_4	#007810	125	17Networks_LH_DorsAttnB_FEF_4	17Networks_LH_DorsAttnB_FEF_4	#007712
133	134	7Networks_LH_DorsAttn_PrCv_1	-44	6	26	7Networks_LH_DorsAttn_PrCv_1	#007811	199	17Networks_LH_ContA_PFCl_3	17Networks_LH_ContA_PFCl_3	#e69525
134	135	7Networks_LH_DorsAttn_PrCv_2	-56	6	26	7Networks_LH_DorsAttn_PrCv_2	#007812	126	17Networks_LH_DorsAttnB_PrCv_1	17Networks_LH_DorsAttnB_PrCv_1	#007713
135	136	7Networks_LH_DorsAttn_PrCv_3	-46	2	36	7Networks_LH_DorsAttn_PrCv_3	#007813	202	17Networks_LH_ContA_PFCl_6	17Networks_LH_ContA_PFCl_6	#e69528
136	137	7Networks_LH_SalVentAttn_ParOper_1	-46	-38	24	7Networks_LH_SalVentAttn_ParOper_1	#c43af9	127	17Networks_LH_SalVentAttnA_ParOper_1	17Networks_LH_SalVentAttnA_ParOper_1	#c43af9
137	138	7Networks_LH_SalVentAttn_ParOper_2	-58	-44	26	7Networks_LH_SalVentAttn_ParOper_2	#c43afb	128	17Networks_LH_SalVentAttnA_ParOper_2	17Networks_LH_SalVentAttnA_ParOper_2	#c43afb
138	139	7Networks_LH_SalVentAttn_ParOper_3	-58	-30	22	7Networks_LH_SalVentAttn_ParOper_3	#c43afc	129	17Networks_LH_SalVentAttnA_ParOper_3	17Networks_LH_SalVentAttnA_ParOper_3	#c43afc
139	140	7Networks_LH_SalVentAttn_ParOper_4	-58	-18	30	7Networks_LH_SalVentAttn_ParOper_4	#c43afd	130	17Networks_LH_SalVentAttnA_ParOper_4	17Networks_LH_SalVentAttnA_ParOper_4	#c43afd
140	141	7Networks_LH_SalVentAttn_ParOper_5	-62	-36	34	7Networks_LH_SalVentAttn_ParOper_5	#c43afe	131	17Networks_LH_SalVentAttnA_ParOper_5	17Networks_LH_SalVentAttnA_ParOper_5	#c43afe
141	142	7Networks_LH_SalVentAttn_ParOper_6	-64	-26	36	7Networks_LH_SalVentAttn_ParOper_6	#c43aff	112	17Networks_LH_DorsAttnB_PostC_1	17Networks_LH_DorsAttnB_PostC_1	#00760c
142	143	7Networks_LH_SalVentAttn_TempOcc_1	-56	-56	12	7Networks_LH_SalVentAttn_TempOcc_1	#c133f9	298	17Networks_LH_TempPar_6	17Networks_LH_TempPar_6	#0929fc
143	144	7Networks_LH_SalVentAttn_FrOperIns_1	-38	2	-10	7Networks_LH_SalVentAttn_FrOper_1	#c43bf6	136	17Networks_LH_SalVentAttnA_Ins_1	17Networks_LH_SalVentAttnA_Ins_5	#c43bfc
144	145	7Networks_LH_SalVentAttn_FrOperIns_2	-40	-8	-8	7Networks_LH_SalVentAttn_FrOper_2	#c43bf7	137	17Networks_LH_SalVentAttnA_Ins_2	17Networks_LH_SalVentAttnA_Ins_6	#c43bfd
145	146	7Networks_LH_SalVentAttn_FrOperIns_3	-38	2	0	7Networks_LH_SalVentAttn_FrOper_3	#c43bf8	138	17Networks_LH_SalVentAttnA_Ins_3	17Networks_LH_SalVentAttnA_Ins_7	#c43bfe
146	147	7Networks_LH_SalVentAttn_FrOperIns_4	-34	30	0	7Networks_LH_SalVentAttn_FrOper_4	#c43bf9	160	17Networks_LH_SalVentAttnB_Ins_3	17Networks_LH_SalVentAttnB_PFCv_3	#ff99dc
147	148	7Networks_LH_SalVentAttn_FrOperIns_5	-40	-14	0	7Networks_LH_SalVentAttn_FrOper_5	#c43bfb	139	17Networks_LH_SalVentAttnA_Ins_4	17Networks_LH_SalVentAttnA_Ins_8	#c43bff
148	149	7Networks_LH_SalVentAttn_FrOperIns_6	-32	18	8	7Networks_LH_SalVentAttn_FrOper_6	#c43bfc	140	17Networks_LH_SalVentAttnA_Ins_5	17Networks_LH_SalVentAttnA_Ins_9	#c134fa
149	150	7Networks_LH_SalVentAttn_FrOperIns_7	-36	-4	8	7Networks_LH_SalVentAttn_FrOper_7	#c43bfd	141	17Networks_LH_SalVentAttnA_Ins_6	17Networks_LH_SalVentAttnA_Ins_10	#c135f3
150	151	7Networks_LH_SalVentAttn_FrOperIns_8	-38	4	12	7Networks_LH_SalVentAttn_FrOper_8	#c43bfe	132	17Networks_LH_SalVentAttnA_FrOper_1	17Networks_LH_SalVentAttnA_Ins_1	#c43bf7
151	152	7Networks_LH_SalVentAttn_FrOperIns_9	-44	12	2	7Networks_LH_SalVentAttn_FrOper_9	#c43bff	161	17Networks_LH_SalVentAttnB_Ins_4	17Networks_LH_SalVentAttnB_PFCv_4	#ff99dd
152	153	7Networks_LH_SalVentAttn_FrOperIns_10	-52	2	4	7Networks_LH_SalVentAttn_FrOper_10	#c134fa	134	17Networks_LH_SalVentAttnA_FrOper_3	17Networks_LH_SalVentAttnA_Ins_3	#c43bf9
153	154	7Networks_LH_SalVentAttn_FrOperIns_11	-56	8	12	7Networks_LH_SalVentAttn_FrOper_11	#c135f3	135	17Networks_LH_SalVentAttnA_FrOper_4	17Networks_LH_SalVentAttnA_Ins_4	#c43bfb
154	155	7Networks_LH_SalVentAttn_PFCl_1	-30	46	28	7Networks_LH_SalVentAttn_PFCl_1	#c134f9	155	17Networks_LH_SalVentAttnB_PFCl_2	17Networks_LH_SalVentAttnB_PFCl_2	#ff99d7
155	156	7Networks_LH_SalVentAttn_PFCl_2	-26	38	36	7Networks_LH_SalVentAttn_PFCl_2	#c134fb	156	17Networks_LH_SalVentAttnB_PFCl_3	17Networks_LH_SalVentAttnB_PFCl_3	#ff99d8
156	157	7Networks_LH_SalVentAttn_Med_1	-6	26	28	7Networks_LH_SalVentAttn_Med_1	#c53af5	163	17Networks_LH_SalVentAttnB_PFCmp_2	17Networks_LH_SalVentAttnB_PFCmp_2	#ff97d7
157	158	7Networks_LH_SalVentAttn_Med_2	-6	16	36	7Networks_LH_SalVentAttn_Med_2	#c53af6	148	17Networks_LH_SalVentAttnA_FrMed_1	17Networks_LH_SalVentAttnA_FrMed_1	#c53af9
158	159	7Networks_LH_SalVentAttn_Med_3	-4	4	38	7Networks_LH_SalVentAttn_Med_3	#c53af7	149	17Networks_LH_SalVentAttnA_FrMed_2	17Networks_LH_SalVentAttnA_FrMed_2	#c53afb
159	160	7Networks_LH_SalVentAttn_Med_4	-8	-22	38	7Networks_LH_SalVentAttn_Med_4	#c53af8	142	17Networks_LH_SalVentAttnA_ParMed_1	17Networks_LH_SalVentAttnA_ParMed_1	#c43bfa
160	161	7Networks_LH_SalVentAttn_Med_5	-12	-36	42	7Networks_LH_SalVentAttn_Med_5	#c53af9	143	17Networks_LH_SalVentAttnA_ParMed_2	17Networks_LH_SalVentAttnA_ParMed_2	#c134f9
161	162	7Networks_LH_SalVentAttn_Med_6	-12	-24	42	7Networks_LH_SalVentAttn_Med_6	#c53afb	144	17Networks_LH_SalVentAttnA_ParMed_3	17Networks_LH_SalVentAttnA_ParMed_3	#c134fb
162	163	7Networks_LH_SalVentAttn_Med_7	-6	4	48	7Networks_LH_SalVentAttn_Med_7	#c53afc	150	17Networks_LH_SalVentAttnA_FrMed_3	17Networks_LH_SalVentAttnA_FrMed_3	#c53afc
163	164	7Networks_LH_SalVentAttn_Med_8	-12	-44	52	7Networks_LH_SalVentAttn_Med_8	#c53afd	145	17Networks_LH_SalVentAttnA_ParMed_4	17Networks_LH_SalVentAttnA_ParMed_4	#c135f4
164	165	7Networks_LH_SalVentAttn_Med_9	-12	-34	48	7Networks_LH_SalVentAttn_Med_9	#c53afe	146	17Networks_LH_SalVentAttnA_ParMed_5	17Networks_LH_SalVentAttnA_ParMed_5	#c135f5
165	166	7Networks_LH_SalVentAttn_Med_10	-4	-50	54	7Networks_LH_SalVentAttn_Med_10	#c53aff	225	17Networks_LH_ContC_pCun_6	17Networks_LH_ContC_pCun_6	#778cb5
166	167	7Networks_LH_SalVentAttn_Med_11	-4	4	60	7Networks_LH_SalVentAttn_Med_11	#c233fa	151	17Networks_LH_SalVentAttnA_FrMed_4	17Networks_LH_SalVentAttnA_FrMed_4	#c53afd
167	168	7Networks_LH_SalVentAttn_Med_12	-8	-48	62	7Networks_LH_SalVentAttn_Med_12	#c234f3	147	17Networks_LH_SalVentAttnA_ParMed_6	17Networks_LH_SalVentAttnA_ParMed_6	#c135f6
168	169	7Networks_LH_SalVentAttn_Med_13	-14	8	66	7Networks_LH_SalVentAttn_Med_13	#c234f4	153	17Networks_LH_SalVentAttnB_PFCd_1	17Networks_LH_SalVentAttnB_PFCd_1	#ff98d7
169	170	7Networks_LH_SalVentAttn_Med_14	-8	-2	72	7Networks_LH_SalVentAttn_Med_14	#c234f5	152	17Networks_LH_SalVentAttnA_FrMed_5	17Networks_LH_SalVentAttnA_FrMed_5	#c53afe
170	171	7Networks_LH_Limbic_OFC_1	-24	14	-22	7Networks_LH_Limbic_OFC_1	#dcf8a2	165	17Networks_LH_LimbicB_OFC_1	17Networks_LH_Limbic_OFC_1	#7a872f
171	172	7Networks_LH_Limbic_OFC_2	-12	24	-20	7Networks_LH_Limbic_OFC_2	#dcf8a3	166	17Networks_LH_LimbicB_OFC_2	17Networks_LH_Limbic_OFC_2	#7a8730
172	173	7Networks_LH_Limbic_OFC_3	-22	30	-18	7Networks_LH_Limbic_OFC_3	#dcf8a5	167	17Networks_LH_LimbicB_OFC_3	17Networks_LH_Limbic_OFC_3	#7a8731
173	174	7Networks_LH_Limbic_OFC_4	-4	22	-20	7Networks_LH_Limbic_OFC_4	#dcf8a6	168	17Networks_LH_LimbicB_OFC_4	17Networks_LH_Limbic_OFC_4	#7a8733
174	175	7Networks_LH_Limbic_OFC_5	-10	50	-22	7Networks_LH_Limbic_OFC_5	#dcf8a7	169	17Networks_LH_LimbicB_OFC_5	17Networks_LH_Limbic_OFC_5	#7a8734
175	176	7Networks_LH_Limbic_OFC_6	-2	42	-22	7Networks_LH_Limbic_OFC_6	#dcf8a8	170	17Networks_LH_LimbicB_OFC_6	17Networks_LH_Limbic_OFC_6	#7a8735
176	177	7Networks_LH_Limbic_OFC_7	-4	24	-10	7Networks_LH_Limbic_OFC_7	#dcf8a9	172	17Networks_LH_LimbicB_OFC_8	17Networks_LH_Limbic_OFC_8	#7a8737
177	178	7Networks_LH_Limbic_OFC_8	-10	64	-14	7Networks_LH_Limbic_OFC_8	#dcf8aa	173	17Networks_LH_LimbicB_OFC_9	17Networks_LH_Limbic_OFC_9	#7a8738
178	179	7Networks_LH_Limbic_TempPole_1	-30	0	-44	7Networks_LH_Limbic_TempPole_1	#dcf8a0	175	17Networks_LH_LimbicA_TempPole_1	17Networks_LH_Limbic_TempPole_1	#dcf8a0
179	180	7Networks_LH_Limbic_TempPole_2	-50	-10	-38	7Networks_LH_Limbic_TempPole_2	#dcf8a1	176	17Networks_LH_LimbicA_TempPole_2	17Networks_LH_Limbic_TempPole_2	#dcf8a1
180	181	7Networks_LH_Limbic_TempPole_3	-26	-6	-34	7Networks_LH_Limbic_TempPole_3	#dcf8a4	177	17Networks_LH_LimbicA_TempPole_3	17Networks_LH_Limbic_TempPole_3	#dcf8a2
181	182	7Networks_LH_Limbic_TempPole_4	-44	6	-38	7Networks_LH_Limbic_TempPole_4	#dcf8ab	178	17Networks_LH_LimbicA_TempPole_4	17Networks_LH_Limbic_TempPole_4	#dcf8a3
182	183	7Networks_LH_Limbic_TempPole_5	-38	-16	-32	7Networks_LH_Limbic_TempPole_5	#dcf8ac	179	17Networks_LH_LimbicA_TempPole_5	17Networks_LH_Limbic_TempPole_5	#dcf8a5
183	184	7Networks_LH_Limbic_TempPole_6	-24	8	-32	7Networks_LH_Limbic_TempPole_6	#dcf9a5	180	17Networks_LH_LimbicA_TempPole_6	17Networks_LH_Limbic_TempPole_6	#dcf8a6
184	185	7Networks_LH_Limbic_TempPole_7	-30	-16	-30	7Networks_LH_Limbic_TempPole_7	#dcf9a6	181	17Networks_LH_LimbicA_TempPole_7	17Networks_LH_Limbic_TempPole_7	#dcf8a7
185	186	7Networks_LH_Limbic_TempPole_8	-54	-32	-26	7Networks_LH_Limbic_TempPole_8	#dcf9a7	182	17Networks_LH_LimbicA_TempPole_8	17Networks_LH_Limbic_TempPole_8	#dcf8a8
186	187	7Networks_LH_Limbic_TempPole_9	-40	18	-32	7Networks_LH_Limbic_TempPole_9	#dcf9a8	183	17Networks_LH_LimbicA_TempPole_9	17Networks_LH_Limbic_TempPole_9	#dcf8a9
187	188	7Networks_LH_Limbic_TempPole_10	-38	-36	-22	7Networks_LH_Limbic_TempPole_10	#dcf9a9	184	17Networks_LH_LimbicA_TempPole_10	17Networks_LH_Limbic_TempPole_10	#dcf8aa
188	189	7Networks_LH_Limbic_TempPole_11	-20	-20	-26	7Networks_LH_Limbic_TempPole_11	#dcf9aa	288	17Networks_LH_DefaultC_PHC_1	17Networks_LH_DefaultC_PHC_1	#000181
189	190	7Networks_LH_Limbic_TempPole_12	-32	-28	-22	7Networks_LH_Limbic_TempPole_12	#dcf9ab	289	17Networks_LH_DefaultC_PHC_2	17Networks_LH_DefaultC_PHC_2	#000183
190	191	7Networks_LH_Limbic_TempPole_13	-36	8	-24	7Networks_LH_Limbic_TempPole_13	#dcf9ac	185	17Networks_LH_LimbicA_TempPole_11	17Networks_LH_Limbic_TempPole_11	#dcf8ab
191	192	7Networks_LH_Limbic_TempPole_14	-44	6	-16	7Networks_LH_Limbic_TempPole_14	#dcfaa5	186	17Networks_LH_LimbicA_TempPole_12	17Networks_LH_Limbic_TempPole_12	#dcf9a4
192	193	7Networks_LH_Cont_Par_1	-30	-74	44	7Networks_LH_Cont_Par_1	#e6941f	189	17Networks_LH_ContA_IPS_1	17Networks_LH_ContA_IPS_1	#e69422
193	194	7Networks_LH_Cont_Par_2	-58	-42	46	7Networks_LH_Cont_Par_2	#e69420	190	17Networks_LH_ContA_IPS_2	17Networks_LH_ContA_IPS_2	#e69425
194	195	7Networks_LH_Cont_Par_3	-50	-54	48	7Networks_LH_Cont_Par_3	#e69421	209	17Networks_LH_ContB_IPL_2	17Networks_LH_ContB_IPL_2	#87324d
195	196	7Networks_LH_Cont_Par_4	-52	-46	52	7Networks_LH_Cont_Par_4	#e69423	210	17Networks_LH_ContB_IPL_3	17Networks_LH_ContB_IPL_3	#87324e
196	197	7Networks_LH_Cont_Par_5	-38	-62	50	7Networks_LH_Cont_Par_5	#e69424	211	17Networks_LH_ContB_IPL_4	17Networks_LH_ContB_IPL_4	#87324f
197	198	7Networks_LH_Cont_Par_6	-42	-52	50	7Networks_LH_Cont_Par_6	#e69425	212	17Networks_LH_ContB_IPL_5	17Networks_LH_ContB_IPL_5	#873250
198	199	7Networks_LH_Cont_Par_7	-44	-42	46	7Networks_LH_Cont_Par_7	#e69426	191	17Networks_LH_ContA_IPS_3	17Networks_LH_ContA_IPS_3	#e69426
199	200	7Networks_LH_Cont_Par_8	-30	-60	46	7Networks_LH_Cont_Par_8	#e69427	192	17Networks_LH_ContA_IPS_4	17Networks_LH_ContA_IPS_4	#e69427
200	201	7Networks_LH_Cont_Par_9	-34	-50	40	7Networks_LH_Cont_Par_9	#e69428	193	17Networks_LH_ContA_IPS_5	17Networks_LH_ContA_IPS_5	#e69428
201	202	7Networks_LH_Cont_Temp_1	-60	-48	-10	7Networks_LH_Cont_Temp_1	#e69429	207	17Networks_LH_ContB_Temp_2	17Networks_LH_ContB_Temp_2	#87324c
202	203	7Networks_LH_Cont_PFCd_1	-30	2	60	7Networks_LH_Cont_PFCd_1	#e69523	195	17Networks_LH_ContA_PFCd_1	17Networks_LH_ContA_PFCd_1	#e69523
203	204	7Networks_LH_Cont_PFCd_2	-22	8	60	7Networks_LH_Cont_PFCd_2	#e69524	196	17Networks_LH_ContA_PFCd_2	17Networks_LH_ContA_PFCd_2	#e69524
204	205	7Networks_LH_Cont_OFC_1	-24	48	-14	7Networks_LH_Cont_PFCl_1	#e6951e	171	17Networks_LH_LimbicB_OFC_7	17Networks_LH_Limbic_OFC_7	#7a8736
205	206	7Networks_LH_Cont_PFCl_1	-40	50	-8	7Networks_LH_Cont_PFCl_2	#e6951f	216	17Networks_LH_ContB_PFClv_1	17Networks_LH_ContB_PFClv_1	#88324b
206	207	7Networks_LH_Cont_PFCl_2	-48	40	0	7Networks_LH_Cont_PFCl_3	#e69520	280	17Networks_LH_DefaultB_PFCv_6	17Networks_LH_DefaultB_PFCv_6	#ce3e52
207	208	7Networks_LH_Cont_PFCl_3	-38	48	6	7Networks_LH_Cont_PFCl_4	#e69521	203	17Networks_LH_ContA_PFClv_1	17Networks_LH_ContA_PFCl_7	#e69529
208	209	7Networks_LH_Cont_PFCl_4	-30	56	10	7Networks_LH_Cont_PFCl_5	#e69522	218	17Networks_LH_ContB_PFClv_3	17Networks_LH_ContB_PFClv_3	#88324d
209	210	7Networks_LH_Cont_PFCl_5	-46	34	12	7Networks_LH_Cont_PFCl_6	#e69525	204	17Networks_LH_ContA_PFClv_2	17Networks_LH_ContA_PFCl_8	#e6952a
210	211	7Networks_LH_Cont_PFCl_6	-50	10	14	7Networks_LH_Cont_PFCl_7	#e69526	197	17Networks_LH_ContA_PFCl_1	17Networks_LH_ContA_PFCl_1	#e69521
211	212	7Networks_LH_Cont_PFCl_7	-48	18	24	7Networks_LH_Cont_PFCl_8	#e69527	198	17Networks_LH_ContA_PFCl_2	17Networks_LH_ContA_PFCl_2	#e69522
212	213	7Networks_LH_Cont_PFCl_8	-40	42	22	7Networks_LH_Cont_PFCl_9	#e69528	154	17Networks_LH_SalVentAttnB_PFCl_1	17Networks_LH_SalVentAttnB_PFCl_1	#ff99d6
213	214	7Networks_LH_Cont_PFCl_9	-44	24	28	7Networks_LH_Cont_PFCl_10	#e69529	200	17Networks_LH_ContA_PFCl_4	17Networks_LH_ContA_PFCl_4	#e69526
214	215	7Networks_LH_Cont_PFCl_10	-38	10	32	7Networks_LH_Cont_PFCl_11	#e6952a	201	17Networks_LH_ContA_PFCl_5	17Networks_LH_ContA_PFCl_5	#e69527
215	216	7Networks_LH_Cont_PFCl_11	-36	32	38	7Networks_LH_Cont_PFCl_12	#e69623	157	17Networks_LH_SalVentAttnB_PFCl_4	17Networks_LH_SalVentAttnB_PFCl_4	#ff99d9
216	217	7Networks_LH_Cont_PFCl_12	-46	20	36	7Networks_LH_Cont_PFCl_13	#e69624	214	17Networks_LH_ContB_PFCl_1	17Networks_LH_ContB_PFCl_1	#87334c
217	218	7Networks_LH_Cont_PFCl_13	-46	12	40	7Networks_LH_Cont_PFCl_14	#e69625	215	17Networks_LH_ContB_PFCl_2	17Networks_LH_ContB_PFCl_2	#87334d
218	219	7Networks_LH_Cont_PFCv_1	-36	14	-8	7Networks_LH_Cont_PFCv_1	#e79424	158	17Networks_LH_SalVentAttnB_Ins_1	17Networks_LH_SalVentAttnB_PFCv_1	#ff99da
219	220	7Networks_LH_Cont_PFCv_2	-32	22	-2	7Networks_LH_Cont_PFCv_2	#e79425	159	17Networks_LH_SalVentAttnB_Ins_2	17Networks_LH_SalVentAttnB_PFCv_2	#ff99db
220	221	7Networks_LH_Cont_pCun_1	-10	-76	42	7Networks_LH_Cont_pCun_1	#e79523	221	17Networks_LH_ContC_pCun_2	17Networks_LH_ContC_pCun_2	#778cb1
221	222	7Networks_LH_Cont_pCun_2	-6	-62	50	7Networks_LH_Cont_pCun_2	#e79524	224	17Networks_LH_ContC_pCun_5	17Networks_LH_ContC_pCun_5	#778cb4
222	223	7Networks_LH_Cont_Cing_1	-6	-40	24	7Networks_LH_Cont_Cing_1	#e79525	226	17Networks_LH_ContC_Cingp_1	17Networks_LH_ContC_Cingp_1	#778cb6
223	224	7Networks_LH_Cont_Cing_2	-4	16	24	7Networks_LH_Cont_Cing_2	#e79526	162	17Networks_LH_SalVentAttnB_PFCmp_1	17Networks_LH_SalVentAttnB_PFCmp_1	#ff97d6
224	225	7Networks_LH_Cont_Cing_3	-4	-22	30	7Networks_LH_Cont_Cing_3	#e79527	227	17Networks_LH_ContC_Cingp_2	17Networks_LH_ContC_Cingp_2	#778cb7
225	226	7Networks_LH_Cont_Cing_4	-4	2	30	7Networks_LH_Cont_Cing_4	#e79528	205	17Networks_LH_ContA_Cingm_1	17Networks_LH_ContA_Cinga_1	#e79424
226	227	7Networks_LH_Cont_PFCmp_1	-4	28	46	7Networks_LH_Cont_PFCmp_1	#e69422	219	17Networks_LH_ContB_PFCmp_1	17Networks_LH_ContB_PFCmp_1	#88324e
227	228	7Networks_LH_Cont_PFCmp_2	-4	14	52	7Networks_LH_Cont_PFCmp_2	#e69621	164	17Networks_LH_SalVentAttnB_PFCmp_3	17Networks_LH_SalVentAttnB_PFCmp_3	#ff97d8
228	229	7Networks_LH_Default_Temp_1	-54	0	-30	7Networks_LH_Default_Temp_1	#cd3d4c	255	17Networks_LH_DefaultB_Temp_1	17Networks_LH_DefaultB_Temp_1	#cd3e4c
229	230	7Networks_LH_Default_Temp_2	-60	-20	-24	7Networks_LH_Default_Temp_2	#cd3d4d	256	17Networks_LH_DefaultB_Temp_2	17Networks_LH_DefaultB_Temp_2	#cd3e4d
230	231	7Networks_LH_Default_Temp_3	-52	8	-18	7Networks_LH_Default_Temp_3	#cd3d4e	257	17Networks_LH_DefaultB_Temp_3	17Networks_LH_DefaultB_Temp_3	#cd3e4f
231	232	7Networks_LH_Default_Temp_4	-62	-36	-16	7Networks_LH_Default_Temp_4	#cd3d4f	206	17Networks_LH_ContB_Temp_1	17Networks_LH_ContB_Temp_1	#87324b
232	233	7Networks_LH_Default_Temp_5	-60	-10	-14	7Networks_LH_Default_Temp_5	#cd3e48	258	17Networks_LH_DefaultB_Temp_4	17Networks_LH_DefaultB_Temp_4	#cd3e50
233	234	7Networks_LH_Default_Temp_6	-54	-4	-10	7Networks_LH_Default_Temp_6	#cd3e49	293	17Networks_LH_TempPar_1	17Networks_LH_TempPar_1	#0c30fd
234	235	7Networks_LH_Default_Temp_7	-62	-34	-4	7Networks_LH_Default_Temp_7	#cd3e4a	259	17Networks_LH_DefaultB_Temp_5	17Networks_LH_DefaultB_Temp_5	#cd3e51
235	236	7Networks_LH_Default_Temp_8	-52	-22	-8	7Networks_LH_Default_Temp_8	#cd3e4b	260	17Networks_LH_DefaultB_Temp_6	17Networks_LH_DefaultB_Temp_6	#cd3e52
236	237	7Networks_LH_Default_Temp_9	-60	-18	-2	7Networks_LH_Default_Temp_9	#cd3e4c	294	17Networks_LH_TempPar_2	17Networks_LH_TempPar_2	#0c30fe
237	238	7Networks_LH_Default_Temp_10	-50	-34	0	7Networks_LH_Default_Temp_10	#cd3e4d	261	17Networks_LH_DefaultB_Temp_7	17Networks_LH_DefaultB_Temp_7	#cd3e53
238	239	7Networks_LH_Default_Temp_11	-62	-50	4	7Networks_LH_Default_Temp_11	#cd3e4e	295	17Networks_LH_TempPar_3	17Networks_LH_TempPar_3	#0929f9
239	240	7Networks_LH_Default_Temp_12	-52	-44	6	7Networks_LH_Default_Temp_12	#cd3e50	296	17Networks_LH_TempPar_4	17Networks_LH_TempPar_4	#0929fa
240	241	7Networks_LH_Default_Par_1	-48	-50	14	7Networks_LH_Default_Temp_13	#cd3e51	299	17Networks_LH_TempPar_7	17Networks_LH_TempPar_7	#0929fd
241	242	7Networks_LH_Default_Par_2	-46	-56	18	7Networks_LH_Default_Temp_14	#cd3e52	262	17Networks_LH_DefaultB_IPL_1	17Networks_LH_DefaultB_IPL_1	#cd3e54
242	243	7Networks_LH_Default_Par_3	-60	-50	16	7Networks_LH_Default_Temp_15	#cd3e53	300	17Networks_LH_TempPar_8	17Networks_LH_TempPar_8	#0929fe
243	244	7Networks_LH_Default_Par_4	-42	-72	24	7Networks_LH_Default_Temp_16	#cd3e54	282	17Networks_LH_DefaultC_IPL_1	17Networks_LH_DefaultC_IPL_1	#000083
244	245	7Networks_LH_Default_Par_5	-46	-64	24	7Networks_LH_Default_Temp_17	#cd3e55	228	17Networks_LH_DefaultA_IPL_1	17Networks_LH_DefaultA_IPL_1	#ffff01
245	246	7Networks_LH_Default_Par_6	-48	-54	26	7Networks_LH_Default_Temp_18	#cd3e56	263	17Networks_LH_DefaultB_IPL_2	17Networks_LH_DefaultB_IPL_2	#cd3e55
246	247	7Networks_LH_Default_Par_7	-38	-82	32	7Networks_LH_Default_Temp_19	#cd3f4f	283	17Networks_LH_DefaultC_IPL_2	17Networks_LH_DefaultC_IPL_2	#000084
247	248	7Networks_LH_Default_Par_8	-60	-54	28	7Networks_LH_Default_Temp_20	#cd3f50	264	17Networks_LH_DefaultB_IPL_3	17Networks_LH_DefaultB_IPL_3	#cd3e56
248	249	7Networks_LH_Default_Par_9	-48	-68	34	7Networks_LH_Default_Temp_21	#cd3f51	229	17Networks_LH_DefaultA_IPL_2	17Networks_LH_DefaultA_IPL_2	#ffff02
249	250	7Networks_LH_Default_Par_10	-50	-60	38	7Networks_LH_Default_Temp_22	#cd3f52	265	17Networks_LH_DefaultB_IPL_4	17Networks_LH_DefaultB_IPL_4	#cd3f4f
250	251	7Networks_LH_Default_Par_11	-38	-74	44	7Networks_LH_Default_Temp_23	#cd3f53	230	17Networks_LH_DefaultA_IPL_3	17Networks_LH_DefaultA_IPL_3	#ffff03
251	252	7Networks_LH_Default_Par_12	-56	-50	38	7Networks_LH_Default_Temp_24	#cd3f54	208	17Networks_LH_ContB_IPL_1	17Networks_LH_ContB_IPL_1	#87324a
252	253	7Networks_LH_Default_Par_13	-44	-64	48	7Networks_LH_Default_Temp_25	#cd3f55	231	17Networks_LH_DefaultA_IPL_4	17Networks_LH_DefaultA_IPL_4	#ffff04
253	254	7Networks_LH_Default_PFC_1	-28	16	-16	7Networks_LH_Default_PFC_1	#cd3f47	275	17Networks_LH_DefaultB_PFCv_1	17Networks_LH_DefaultB_PFCv_1	#ce3e4c
254	255	7Networks_LH_Default_PFC_2	-36	36	-12	7Networks_LH_Default_PFC_2	#cd3f48	276	17Networks_LH_DefaultB_PFCv_2	17Networks_LH_DefaultB_PFCv_2	#ce3e4d
255	256	7Networks_LH_Default_PFC_3	-38	24	-14	7Networks_LH_Default_PFC_3	#cd3f49	277	17Networks_LH_DefaultB_PFCv_3	17Networks_LH_DefaultB_PFCv_3	#ce3e4f
256	257	7Networks_LH_Default_PFC_4	-4	56	-10	7Networks_LH_Default_PFC_4	#cd3f4a	247	17Networks_LH_DefaultA_PFCm_1	17Networks_LH_DefaultA_PFCm_1	#feff01
257	258	7Networks_LH_Default_PFC_5	-46	32	-10	7Networks_LH_Default_PFC_5	#cd3f4b	278	17Networks_LH_DefaultB_PFCv_4	17Networks_LH_DefaultB_PFCv_4	#ce3e50
258	259	7Networks_LH_Default_PFC_6	-6	40	-8	7Networks_LH_Default_PFC_6	#cd3f4c	248	17Networks_LH_DefaultA_PFCm_2	17Networks_LH_DefaultA_PFCm_2	#feff02
259	260	7Networks_LH_Default_PFC_7	-20	64	-8	7Networks_LH_Default_PFC_7	#cd3f4d	174	17Networks_LH_LimbicB_OFC_10	17Networks_LH_Limbic_OFC_10	#7a8739
260	261	7Networks_LH_Default_PFC_8	-28	58	-2	7Networks_LH_Default_PFC_8	#cd404e	217	17Networks_LH_ContB_PFClv_2	17Networks_LH_ContB_PFClv_2	#88324c
261	262	7Networks_LH_Default_PFC_9	-48	28	0	7Networks_LH_Default_PFC_9	#cd404f	279	17Networks_LH_DefaultB_PFCv_5	17Networks_LH_DefaultB_PFCv_5	#ce3e51
262	263	7Networks_LH_Default_PFC_10	-12	68	6	7Networks_LH_Default_PFC_10	#cd4050	249	17Networks_LH_DefaultA_PFCm_3	17Networks_LH_DefaultA_PFCm_3	#feff03
263	264	7Networks_LH_Default_PFC_11	-6	44	6	7Networks_LH_Default_PFC_11	#cd4051	250	17Networks_LH_DefaultA_PFCm_4	17Networks_LH_DefaultA_PFCm_4	#feff04
264	265	7Networks_LH_Default_PFC_12	-54	20	10	7Networks_LH_Default_PFC_12	#cd4052	281	17Networks_LH_DefaultB_PFCv_7	17Networks_LH_DefaultB_PFCv_7	#ce3e53
265	266	7Networks_LH_Default_PFC_13	-22	64	12	7Networks_LH_Default_PFC_13	#cd4053	251	17Networks_LH_DefaultA_PFCm_5	17Networks_LH_DefaultA_PFCm_5	#feff05
266	267	7Networks_LH_Default_PFC_14	-6	58	16	7Networks_LH_Default_PFC_14	#cd4054	252	17Networks_LH_DefaultA_PFCm_6	17Networks_LH_DefaultA_PFCm_6	#feff06
267	268	7Networks_LH_Default_PFC_15	-2	30	16	7Networks_LH_Default_PFC_15	#cd4055	253	17Networks_LH_DefaultA_PFCm_7	17Networks_LH_DefaultA_PFCm_7	#feff07
268	269	7Networks_LH_Default_PFC_16	-14	62	24	7Networks_LH_Default_PFC_16	#cd414e	266	17Networks_LH_DefaultB_PFCd_1	17Networks_LH_DefaultB_PFCd_1	#cd3f4c
269	270	7Networks_LH_Default_PFC_17	-8	36	22	7Networks_LH_Default_PFC_17	#cd414f	254	17Networks_LH_DefaultA_PFCm_8	17Networks_LH_DefaultA_PFCm_8	#fbf900
270	271	7Networks_LH_Default_PFC_18	-22	54	28	7Networks_LH_Default_PFC_18	#cd4150	267	17Networks_LH_DefaultB_PFCd_2	17Networks_LH_DefaultB_PFCd_2	#cd3f4d
271	272	7Networks_LH_Default_PFC_19	-4	46	34	7Networks_LH_Default_PFC_19	#cd4151	268	17Networks_LH_DefaultB_PFCd_3	17Networks_LH_DefaultB_PFCd_3	#cd3f50
272	273	7Networks_LH_Default_PFC_20	-20	40	42	7Networks_LH_Default_PFC_20	#cd4152	232	17Networks_LH_DefaultA_PFCd_1	17Networks_LH_DefaultA_PFCd_1	#ffff05
273	274	7Networks_LH_Default_PFC_21	-14	48	44	7Networks_LH_Default_PFC_21	#cd4153	269	17Networks_LH_DefaultB_PFCd_4	17Networks_LH_DefaultB_PFCd_4	#cd3f51
274	275	7Networks_LH_Default_PFC_22	-26	28	44	7Networks_LH_Default_PFC_22	#cd4154	233	17Networks_LH_DefaultA_PFCd_2	17Networks_LH_DefaultA_PFCd_2	#ffff06
275	276	7Networks_LH_Default_PFC_23	-38	20	50	7Networks_LH_Default_PFC_23	#cd4155	273	17Networks_LH_DefaultB_PFCl_1	17Networks_LH_DefaultB_PFCl_1	#cd3f55
276	277	7Networks_LH_Default_PFC_24	-42	6	48	7Networks_LH_Default_PFC_24	#cd424e	274	17Networks_LH_DefaultB_PFCl_2	17Networks_LH_DefaultB_PFCl_2	#cd3f56
277	278	7Networks_LH_Default_PFC_25	-6	38	54	7Networks_LH_Default_PFC_25	#cd424f	270	17Networks_LH_DefaultB_PFCd_5	17Networks_LH_DefaultB_PFCd_5	#cd3f52
278	279	7Networks_LH_Default_PFC_26	-28	16	54	7Networks_LH_Default_PFC_26	#cd4250	213	17Networks_LH_ContB_PFCd_1	17Networks_LH_ContB_PFCd_1	#87334b
279	280	7Networks_LH_Default_PFC_27	-22	24	52	7Networks_LH_Default_PFC_27	#cd4251	234	17Networks_LH_DefaultA_PFCd_3	17Networks_LH_DefaultA_PFCd_3	#ffff07
280	281	7Networks_LH_Default_PFC_28	-14	24	62	7Networks_LH_Default_PFC_28	#cd4252	271	17Networks_LH_DefaultB_PFCd_6	17Networks_LH_DefaultB_PFCd_6	#cd3f53
281	282	7Networks_LH_Default_PFC_29	-4	14	64	7Networks_LH_Default_PFC_29	#cd4253	272	17Networks_LH_DefaultB_PFCd_7	17Networks_LH_DefaultB_PFCd_7	#cd3f54
282	283	7Networks_LH_Default_pCunPCC_1	-10	-52	8	7Networks_LH_Default_PCC_1	#cd3f4e	285	17Networks_LH_DefaultC_Rsp_2	17Networks_LH_DefaultC_Rsp_2	#000086
283	284	7Networks_LH_Default_pCunPCC_2	-6	-46	16	7Networks_LH_Default_PCC_2	#cd3f56	235	17Networks_LH_DefaultA_pCunPCC_1	17Networks_LH_DefaultA_PCC_1	#fffe01
284	285	7Networks_LH_Default_pCunPCC_3	-12	-58	16	7Networks_LH_Default_PCC_3	#cd4056	286	17Networks_LH_DefaultC_Rsp_3	17Networks_LH_DefaultC_Rsp_3	#000087
285	286	7Networks_LH_Default_pCunPCC_4	-4	-54	18	7Networks_LH_Default_PCC_4	#cd4156	236	17Networks_LH_DefaultA_pCunPCC_2	17Networks_LH_DefaultA_PCC_2	#fffe02
286	287	7Networks_LH_Default_pCunPCC_5	-16	-64	24	7Networks_LH_Default_PCC_5	#cd4254	287	17Networks_LH_DefaultC_Rsp_4	17Networks_LH_DefaultC_Rsp_4	#000088
287	288	7Networks_LH_Default_pCunPCC_6	-4	-66	24	7Networks_LH_Default_PCC_6	#cd4255	237	17Networks_LH_DefaultA_pCunPCC_3	17Networks_LH_DefaultA_PCC_3	#fffe03
288	289	7Networks_LH_Default_pCunPCC_7	-6	-56	26	7Networks_LH_Default_PCC_7	#cd4256	238	17Networks_LH_DefaultA_pCunPCC_4	17Networks_LH_DefaultA_PCC_4	#fffe04
289	290	7Networks_LH_Default_pCunPCC_8	-4	-42	30	7Networks_LH_Default_PCC_8	#cd434f	239	17Networks_LH_DefaultA_pCunPCC_5	17Networks_LH_DefaultA_PCC_5	#fffe05
290	291	7Networks_LH_Default_pCunPCC_9	-10	-70	32	7Networks_LH_Default_PCC_9	#cd4350	220	17Networks_LH_ContC_pCun_1	17Networks_LH_ContC_pCun_1	#778caf
291	292	7Networks_LH_Default_pCunPCC_10	-4	-62	34	7Networks_LH_Default_PCC_10	#cd4351	240	17Networks_LH_DefaultA_pCunPCC_6	17Networks_LH_DefaultA_PCC_6	#fffe06
292	293	7Networks_LH_Default_pCunPCC_11	-4	-32	36	7Networks_LH_Default_PCC_11	#cd4352	241	17Networks_LH_DefaultA_pCunPCC_7	17Networks_LH_DefaultA_PCC_7	#fffe07
293	294	7Networks_LH_Default_pCunPCC_12	-2	-16	36	7Networks_LH_Default_PCC_12	#cd4353	242	17Networks_LH_DefaultA_pCunPCC_8	17Networks_LH_DefaultA_PCC_8	#ffff00
294	295	7Networks_LH_Default_pCunPCC_13	-12	-50	34	7Networks_LH_Default_PCC_13	#cd4354	243	17Networks_LH_DefaultA_pCunPCC_9	17Networks_LH_DefaultA_PCC_9	#fcf900
295	296	7Networks_LH_Default_pCunPCC_14	-4	-38	40	7Networks_LH_Default_PCC_14	#cd4355	244	17Networks_LH_DefaultA_pCunPCC_10	17Networks_LH_DefaultA_PCC_10	#fcfa00
296	297	7Networks_LH_Default_pCunPCC_15	-2	-68	42	7Networks_LH_Default_PCC_15	#cd4356	222	17Networks_LH_ContC_pCun_3	17Networks_LH_ContC_pCun_3	#778cb2
297	298	7Networks_LH_Default_pCunPCC_16	-6	-58	44	7Networks_LH_Default_PCC_16	#cd444f	245	17Networks_LH_DefaultA_pCunPCC_11	17Networks_LH_DefaultA_PCC_11	#fcfb00
298	299	7Networks_LH_Default_pCunPCC_17	-6	-48	44	7Networks_LH_Default_PCC_17	#cd4450	246	17Networks_LH_DefaultA_pCunPCC_12	17Networks_LH_DefaultA_PCC_12	#fcfc00
299	300	7Networks_LH_Default_PHC_1	-20	-36	-14	7Networks_LH_Default_PHC_1	#ce3e4f	291	17Networks_LH_DefaultC_PHC_4	17Networks_LH_DefaultC_PHC_4	#000185
300	301	7Networks_RH_Vis_1	30	-30	-18	7Networks_RH_Vis_1	#7c1083	586	17Networks_RH_DefaultC_PHC_2	17Networks_RH_DefaultC_PHC_2	#050087
301	302	7Networks_RH_Vis_2	36	-52	-18	7Networks_RH_Vis_2	#7c1084	304	17Networks_RH_VisCent_ExStr_1	17Networks_RH_VisCent_ExStr_4	#7c1381
302	303	7Networks_RH_Vis_3	30	-50	-12	7Networks_RH_Vis_3	#7c1085	305	17Networks_RH_VisCent_ExStr_2	17Networks_RH_VisCent_ExStr_5	#7c1382
303	304	7Networks_RH_Vis_4	38	-74	-16	7Networks_RH_Vis_4	#7c1086	306	17Networks_RH_VisCent_ExStr_3	17Networks_RH_VisCent_ExStr_6	#7c1383
304	305	7Networks_RH_Vis_5	26	-74	-10	7Networks_RH_Vis_5	#7c1087	307	17Networks_RH_VisCent_ExStr_4	17Networks_RH_VisCent_ExStr_7	#7c1384
305	306	7Networks_RH_Vis_6	24	-46	-8	7Networks_RH_Vis_6	#7c1180	326	17Networks_RH_VisPeri_ExStrInf_1	17Networks_RH_VisPeri_ExStrSup_5	#fa0005
306	307	7Networks_RH_Vis_7	22	-66	-8	7Networks_RH_Vis_7	#7c1181	308	17Networks_RH_VisCent_ExStr_5	17Networks_RH_VisCent_ExStr_8	#7c1385
307	308	7Networks_RH_Vis_8	18	-32	-14	7Networks_RH_Vis_8	#7c1182	587	17Networks_RH_DefaultC_PHC_3	17Networks_RH_DefaultC_PHC_3	#050088
308	309	7Networks_RH_Vis_9	20	-88	-12	7Networks_RH_Vis_9	#7c1183	309	17Networks_RH_VisCent_ExStr_6	17Networks_RH_VisCent_ExStr_9	#7c1386
309	310	7Networks_RH_Vis_10	42	-84	-16	7Networks_RH_Vis_10	#7c1184	310	17Networks_RH_VisCent_ExStr_7	17Networks_RH_VisCent_ExStr_10	#7c1388
310	311	7Networks_RH_Vis_11	12	-80	-12	7Networks_RH_Vis_11	#7c1185	311	17Networks_RH_VisCent_ExStr_8	17Networks_RH_VisCent_ExStr_11	#7c1389
311	312	7Networks_RH_Vis_12	50	-66	-8	7Networks_RH_Vis_12	#7c1186	385	17Networks_RH_DorsAttnA_TempOcc_3	17Networks_RH_DorsAttnA_TempOcc_3	#4e9c3f
312	313	7Networks_RH_Vis_13	14	-58	-4	7Networks_RH_Vis_13	#7c1187	327	17Networks_RH_VisPeri_ExStrInf_2	17Networks_RH_VisPeri_ExStrSup_6	#fa0006
313	314	7Networks_RH_Vis_14	8	-72	-4	7Networks_RH_Vis_14	#7c1280	328	17Networks_RH_VisPeri_ExStrInf_3	17Networks_RH_VisPeri_ExStrSup_7	#fa0007
314	315	7Networks_RH_Vis_15	8	-92	-10	7Networks_RH_Vis_15	#7c1281	301	17Networks_RH_VisCent_Striate_1	17Networks_RH_VisCent_ExStr_1	#7c1286
315	316	7Networks_RH_Vis_16	16	-38	-6	7Networks_RH_Vis_16	#7c1282	329	17Networks_RH_VisPeri_ExStrInf_4	17Networks_RH_VisPeri_ExStrSup_8	#fa0008
316	317	7Networks_RH_Vis_17	28	-96	-10	7Networks_RH_Vis_17	#7c1283	312	17Networks_RH_VisCent_ExStr_9	17Networks_RH_VisCent_ExStr_12	#7c138a
317	318	7Networks_RH_Vis_18	4	-80	-2	7Networks_RH_Vis_18	#7c1284	322	17Networks_RH_VisPeri_StriCal_1	17Networks_RH_VisPeri_ExStrSup_1	#fa0000
318	319	7Networks_RH_Vis_19	42	-84	-4	7Networks_RH_Vis_19	#7c1285	313	17Networks_RH_VisCent_ExStr_10	17Networks_RH_VisCent_ExStr_13	#7c138b
319	320	7Networks_RH_Vis_20	18	-50	0	7Networks_RH_Vis_20	#7c1286	330	17Networks_RH_VisPeri_ExStrInf_5	17Networks_RH_VisPeri_ExStrSup_9	#fa0101
320	321	7Networks_RH_Vis_21	10	-60	4	7Networks_RH_Vis_21	#7c1288	323	17Networks_RH_VisPeri_StriCal_2	17Networks_RH_VisPeri_ExStrSup_2	#fa0002
321	322	7Networks_RH_Vis_22	14	-44	4	7Networks_RH_Vis_22	#7c1289	582	17Networks_RH_DefaultC_Rsp_1	17Networks_RH_DefaultC_Rsp_1	#050083
322	323	7Networks_RH_Vis_23	8	-90	2	7Networks_RH_Vis_23	#7c128a	302	17Networks_RH_VisCent_Striate_2	17Networks_RH_VisCent_ExStr_2	#7c1287
323	324	7Networks_RH_Vis_24	12	-98	2	7Networks_RH_Vis_24	#7c128b	303	17Networks_RH_VisCent_Striate_3	17Networks_RH_VisCent_ExStr_3	#7c1380
324	325	7Networks_RH_Vis_25	48	-66	4	7Networks_RH_Vis_25	#7c128c	386	17Networks_RH_DorsAttnA_ParOcc_1	17Networks_RH_DorsAttnA_TempOcc_4	#4e9c40
325	326	7Networks_RH_Vis_26	22	-100	2	7Networks_RH_Vis_26	#7c128d	314	17Networks_RH_VisCent_ExStr_11	17Networks_RH_VisCent_ExStr_14	#7c138c
326	327	7Networks_RH_Vis_27	10	-72	10	7Networks_RH_Vis_27	#7c128e	324	17Networks_RH_VisPeri_StriCal_3	17Networks_RH_VisPeri_ExStrSup_3	#fa0003
327	328	7Networks_RH_Vis_28	34	-90	4	7Networks_RH_Vis_28	#7c1387	315	17Networks_RH_VisCent_ExStr_12	17Networks_RH_VisCent_ExStr_15	#7c138d
328	329	7Networks_RH_Vis_29	22	-58	6	7Networks_RH_Vis_29	#7c1388	325	17Networks_RH_VisPeri_StriCal_4	17Networks_RH_VisPeri_ExStrSup_4	#fa0004
329	330	7Networks_RH_Vis_30	22	-98	14	7Networks_RH_Vis_30	#7c1389	316	17Networks_RH_VisCent_ExStr_13	17Networks_RH_VisCent_ExStr_16	#7c138e
330	331	7Networks_RH_Vis_31	4	-86	12	7Networks_RH_Vis_31	#7c138a	331	17Networks_RH_VisPeri_ExStrSup_1	17Networks_RH_VisPeri_ExStrSup_10	#fa0102
331	332	7Networks_RH_Vis_32	44	-78	10	7Networks_RH_Vis_32	#7c138b	317	17Networks_RH_VisCent_ExStr_14	17Networks_RH_VisCent_ExStr_17	#7c1487
332	333	7Networks_RH_Vis_33	12	-94	18	7Networks_RH_Vis_33	#7c138c	318	17Networks_RH_VisCent_ExStr_15	17Networks_RH_VisCent_ExStr_18	#7c1488
333	334	7Networks_RH_Vis_34	30	-88	18	7Networks_RH_Vis_34	#7c138d	319	17Networks_RH_VisCent_ExStr_16	17Networks_RH_VisCent_ExStr_19	#7c1489
334	335	7Networks_RH_Vis_35	16	-66	18	7Networks_RH_Vis_35	#7c138e	332	17Networks_RH_VisPeri_ExStrSup_2	17Networks_RH_VisPeri_ExStrSup_11	#fa0103
335	336	7Networks_RH_Vis_36	4	-78	24	7Networks_RH_Vis_36	#7c1487	333	17Networks_RH_VisPeri_ExStrSup_3	17Networks_RH_VisPeri_ExStrSup_12	#fa0104
336	337	7Networks_RH_Vis_37	8	-86	34	7Networks_RH_Vis_37	#7c1488	334	17Networks_RH_VisPeri_ExStrSup_4	17Networks_RH_VisPeri_ExStrSup_13	#fa0105
337	338	7Networks_RH_Vis_38	36	-80	24	7Networks_RH_Vis_38	#7c1489	389	17Networks_RH_DorsAttnA_ParOcc_4	17Networks_RH_DorsAttnA_SPL_2	#4f9b39
338	339	7Networks_RH_Vis_39	16	-64	28	7Networks_RH_Vis_39	#7c148a	528	17Networks_RH_ContC_pCun_1	17Networks_RH_ContB_PFCmp_1	#8a324b
339	340	7Networks_RH_Vis_40	22	-88	30	7Networks_RH_Vis_40	#7c148b	320	17Networks_RH_VisCent_ExStr_17	17Networks_RH_VisCent_ExStr_20	#7c148a
340	341	7Networks_RH_Vis_41	14	-76	32	7Networks_RH_Vis_41	#7c148c	335	17Networks_RH_VisPeri_ExStrSup_5	17Networks_RH_VisPeri_ExStrSup_14	#fa0106
341	342	7Networks_RH_Vis_42	30	-78	24	7Networks_RH_Vis_42	#7c148d	321	17Networks_RH_VisCent_ExStr_18	17Networks_RH_VisCent_ExStr_21	#7c148b
342	343	7Networks_RH_Vis_43	18	-84	42	7Networks_RH_Vis_43	#7c148e	336	17Networks_RH_VisPeri_ExStrSup_6	17Networks_RH_VisPeri_ExStrSup_15	#fa0107
343	344	7Networks_RH_Vis_44	28	-78	40	7Networks_RH_Vis_44	#7c1587	391	17Networks_RH_DorsAttnA_SPL_2	17Networks_RH_DorsAttnA_SPL_4	#4f9b3b
344	345	7Networks_RH_SomMot_1	54	4	-4	7Networks_RH_SomMot_1	#4a7fb3	379	17Networks_RH_SomMotB_Aud_1	17Networks_RH_SomMotB_S2_16	#2fcea4
345	346	7Networks_RH_SomMot_2	60	-14	-4	7Networks_RH_SomMot_2	#4a7fb4	591	17Networks_RH_TempPar_4	17Networks_RH_TempPar_4	#1030fc
346	347	7Networks_RH_SomMot_3	56	-10	4	7Networks_RH_SomMot_3	#4a7fb5	380	17Networks_RH_SomMotB_Aud_2	17Networks_RH_SomMotB_S2_17	#2fcea5
347	348	7Networks_RH_SomMot_4	60	-24	2	7Networks_RH_SomMot_4	#4a80ae	593	17Networks_RH_TempPar_6	17Networks_RH_TempPar_6	#1030ff
348	349	7Networks_RH_SomMot_5	40	-20	4	7Networks_RH_SomMot_5	#4a80af	378	17Networks_RH_SomMotB_Ins_1	17Networks_RH_SomMotB_S2_15	#2fcdab
349	350	7Networks_RH_SomMot_6	38	-10	12	7Networks_RH_SomMot_6	#4a80b0	370	17Networks_RH_SomMotB_S2_1	17Networks_RH_SomMotB_S2_7	#2fcda2
350	351	7Networks_RH_SomMot_7	46	-22	10	7Networks_RH_SomMot_7	#4a80b1	381	17Networks_RH_SomMotB_Aud_3	17Networks_RH_SomMotB_S2_18	#2fcea6
351	352	7Networks_RH_SomMot_8	34	-22	14	7Networks_RH_SomMot_8	#4a80b2	371	17Networks_RH_SomMotB_S2_2	17Networks_RH_SomMotB_S2_8	#2fcda3
352	353	7Networks_RH_SomMot_9	62	-24	10	7Networks_RH_SomMot_9	#4a80b3	382	17Networks_RH_SomMotB_Aud_4	17Networks_RH_SomMotB_S2_19	#2fcea7
353	354	7Networks_RH_SomMot_10	42	0	14	7Networks_RH_SomMot_10	#4a80b4	427	17Networks_RH_SalVentAttnA_FrOper_2	17Networks_RH_SalVentAttnA_Ins_2	#c73af7
354	355	7Networks_RH_SomMot_11	64	-36	10	7Networks_RH_SomMot_11	#4a80b5	598	17Networks_RH_TempPar_11	17Networks_RH_TempPar_11	#0d29fe
355	356	7Networks_RH_SomMot_12	42	-12	18	7Networks_RH_SomMot_12	#4a81ae	372	17Networks_RH_SomMotB_S2_3	17Networks_RH_SomMotB_S2_9	#2fcda5
356	357	7Networks_RH_SomMot_13	42	-28	18	7Networks_RH_SomMot_13	#4a81af	373	17Networks_RH_SomMotB_S2_4	17Networks_RH_SomMotB_S2_10	#2fcda6
357	358	7Networks_RH_SomMot_14	50	-10	12	7Networks_RH_SomMot_14	#4a81b0	374	17Networks_RH_SomMotB_S2_5	17Networks_RH_SomMotB_S2_11	#2fcda7
358	359	7Networks_RH_SomMot_15	60	0	10	7Networks_RH_SomMot_15	#4a81b1	375	17Networks_RH_SomMotB_S2_6	17Networks_RH_SomMotB_S2_12	#2fcda8
359	360	7Networks_RH_SomMot_16	50	-20	18	7Networks_RH_SomMot_16	#4a81b2	376	17Networks_RH_SomMotB_S2_7	17Networks_RH_SomMotB_S2_13	#2fcda9
360	361	7Networks_RH_SomMot_17	60	-12	14	7Networks_RH_SomMot_17	#4a81b3	377	17Networks_RH_SomMotB_S2_8	17Networks_RH_SomMotB_S2_14	#2fcdaa
361	362	7Networks_RH_SomMot_18	60	-4	24	7Networks_RH_SomMot_18	#4a81b4	364	17Networks_RH_SomMotB_Cent_1	17Networks_RH_SomMotB_S2_1	#2fcca4
362	363	7Networks_RH_SomMot_19	64	-12	28	7Networks_RH_SomMot_19	#4a81b5	365	17Networks_RH_SomMotB_Cent_2	17Networks_RH_SomMotB_S2_2	#2fcd9d
363	364	7Networks_RH_SomMot_20	60	6	30	7Networks_RH_SomMot_20	#4a82ae	366	17Networks_RH_SomMotB_Cent_3	17Networks_RH_SomMotB_S2_3	#2fcd9e
364	365	7Networks_RH_SomMot_21	58	-14	40	7Networks_RH_SomMot_21	#4a82af	405	17Networks_RH_DorsAttnB_PostC_3	17Networks_RH_DorsAttnB_PostC_3	#05760d
365	366	7Networks_RH_SomMot_22	54	-4	38	7Networks_RH_SomMot_22	#4a82b0	367	17Networks_RH_SomMotB_Cent_4	17Networks_RH_SomMotB_S2_4	#2fcd9f
366	367	7Networks_RH_SomMot_23	52	-12	38	7Networks_RH_SomMot_23	#4a82b1	368	17Networks_RH_SomMotB_Cent_5	17Networks_RH_SomMotB_S2_5	#2fcda0
367	368	7Networks_RH_SomMot_24	8	0	44	7Networks_RH_SomMot_24	#4a82b2	445	17Networks_RH_SalVentAttnA_FrMed_3	17Networks_RH_SalVentAttnA_FrMed_9	#c739fe
368	369	7Networks_RH_SomMot_25	10	-16	42	7Networks_RH_SomMot_25	#4a82b3	438	17Networks_RH_SalVentAttnA_ParMed_2	17Networks_RH_SalVentAttnA_FrMed_2	#c739f6
369	370	7Networks_RH_SomMot_26	54	-18	46	7Networks_RH_SomMot_26	#4a82b4	337	17Networks_RH_SomMotA_1	17Networks_RH_SomMotA_1	#4a82b1
370	371	7Networks_RH_SomMot_27	52	-12	50	7Networks_RH_SomMot_27	#4a82b6	338	17Networks_RH_SomMotA_2	17Networks_RH_SomMotA_2	#4a82b2
371	372	7Networks_RH_SomMot_28	40	-16	40	7Networks_RH_SomMot_28	#4a82b7	369	17Networks_RH_SomMotB_Cent_6	17Networks_RH_SomMotB_S2_6	#2fcda1
372	373	7Networks_RH_SomMot_29	46	-10	50	7Networks_RH_SomMot_29	#4a82b8	339	17Networks_RH_SomMotA_3	17Networks_RH_SomMotA_3	#4a82b3
373	374	7Networks_RH_SomMot_30	50	-26	56	7Networks_RH_SomMot_30	#4a82b9	340	17Networks_RH_SomMotA_4	17Networks_RH_SomMotA_4	#4a82b4
374	375	7Networks_RH_SomMot_31	8	-12	50	7Networks_RH_SomMot_31	#4a82ba	341	17Networks_RH_SomMotA_5	17Networks_RH_SomMotA_5	#4a82b5
375	376	7Networks_RH_SomMot_32	6	0	54	7Networks_RH_SomMot_32	#4a82bb	447	17Networks_RH_SalVentAttnA_FrMed_5	17Networks_RH_SalVentAttnA_FrMed_11	#c432fa
376	377	7Networks_RH_SomMot_33	44	-22	56	7Networks_RH_SomMot_33	#4a82bc	342	17Networks_RH_SomMotA_6	17Networks_RH_SomMotA_6	#4a83ae
377	378	7Networks_RH_SomMot_34	40	-16	56	7Networks_RH_SomMot_34	#4a83b5	343	17Networks_RH_SomMotA_7	17Networks_RH_SomMotA_7	#4a83af
378	379	7Networks_RH_SomMot_35	34	-34	60	7Networks_RH_SomMot_35	#4a83b6	344	17Networks_RH_SomMotA_8	17Networks_RH_SomMotA_8	#4a83b0
379	380	7Networks_RH_SomMot_36	4	-22	58	7Networks_RH_SomMot_36	#4a83b7	345	17Networks_RH_SomMotA_9	17Networks_RH_SomMotA_9	#4a83b1
380	381	7Networks_RH_SomMot_37	34	-28	60	7Networks_RH_SomMot_37	#4a83b8	346	17Networks_RH_SomMotA_10	17Networks_RH_SomMotA_10	#4a83b2
381	382	7Networks_RH_SomMot_38	36	-16	68	7Networks_RH_SomMot_38	#4a83b9	347	17Networks_RH_SomMotA_11	17Networks_RH_SomMotA_11	#4a83b3
382	383	7Networks_RH_SomMot_39	30	-40	64	7Networks_RH_SomMot_39	#4a83ba	348	17Networks_RH_SomMotA_12	17Networks_RH_SomMotA_12	#4a83b4
383	384	7Networks_RH_SomMot_40	30	-24	62	7Networks_RH_SomMot_40	#4a83bb	349	17Networks_RH_SomMotA_13	17Networks_RH_SomMotA_13	#4a83b6
384	385	7Networks_RH_SomMot_41	28	-12	66	7Networks_RH_SomMot_41	#4a83bc	350	17Networks_RH_SomMotA_14	17Networks_RH_SomMotA_14	#4a83b7
385	386	7Networks_RH_SomMot_42	10	-40	64	7Networks_RH_SomMot_42	#4a84b5	351	17Networks_RH_SomMotA_15	17Networks_RH_SomMotA_15	#4a83b8
386	387	7Networks_RH_SomMot_43	4	-32	62	7Networks_RH_SomMot_43	#4a84b6	352	17Networks_RH_SomMotA_16	17Networks_RH_SomMotA_16	#4a83b9
387	388	7Networks_RH_SomMot_44	26	-34	70	7Networks_RH_SomMot_44	#4a84b7	353	17Networks_RH_SomMotA_17	17Networks_RH_SomMotA_17	#4a83ba
388	389	7Networks_RH_SomMot_45	20	-4	68	7Networks_RH_SomMot_45	#4a84b8	418	17Networks_RH_DorsAttnB_FEF_4	17Networks_RH_DorsAttnB_FEF_4	#057713
389	390	7Networks_RH_SomMot_46	24	-28	68	7Networks_RH_SomMot_46	#4a84b9	354	17Networks_RH_SomMotA_18	17Networks_RH_SomMotA_18	#4a83bb
390	391	7Networks_RH_SomMot_47	20	-26	62	7Networks_RH_SomMot_47	#4a84ba	355	17Networks_RH_SomMotA_19	17Networks_RH_SomMotA_19	#4a83bc
391	392	7Networks_RH_SomMot_48	22	-22	70	7Networks_RH_SomMot_48	#4a84bb	356	17Networks_RH_SomMotA_20	17Networks_RH_SomMotA_20	#4a84b5
392	393	7Networks_RH_SomMot_49	18	-14	72	7Networks_RH_SomMot_49	#4a84bc	357	17Networks_RH_SomMotA_21	17Networks_RH_SomMotA_21	#4a84b6
393	394	7Networks_RH_SomMot_50	16	-46	76	7Networks_RH_SomMot_50	#4a85b5	414	17Networks_RH_DorsAttnB_PostC_12	17Networks_RH_DorsAttnB_PostC_12	#05770f
394	395	7Networks_RH_SomMot_51	8	-16	72	7Networks_RH_SomMot_51	#4a85b6	358	17Networks_RH_SomMotA_22	17Networks_RH_SomMotA_22	#4a84b7
395	396	7Networks_RH_SomMot_52	22	-38	74	7Networks_RH_SomMot_52	#4a85b7	359	17Networks_RH_SomMotA_23	17Networks_RH_SomMotA_23	#4a84b8
396	397	7Networks_RH_SomMot_53	4	-32	72	7Networks_RH_SomMot_53	#4a85b8	360	17Networks_RH_SomMotA_24	17Networks_RH_SomMotA_24	#4a84b9
397	398	7Networks_RH_SomMot_54	10	-38	76	7Networks_RH_SomMot_54	#4a85b9	361	17Networks_RH_SomMotA_25	17Networks_RH_SomMotA_25	#4a84ba
398	399	7Networks_RH_SomMot_55	14	-26	72	7Networks_RH_SomMot_55	#4a85ba	362	17Networks_RH_SomMotA_26	17Networks_RH_SomMotA_26	#4a84bb
399	400	7Networks_RH_SomMot_56	14	-32	74	7Networks_RH_SomMot_56	#4a85bb	363	17Networks_RH_SomMotA_27	17Networks_RH_SomMotA_27	#4a84bc
400	401	7Networks_RH_DorsAttn_Post_1	46	-36	-22	7Networks_RH_DorsAttn_Post_1	#047609	383	17Networks_RH_DorsAttnA_TempOcc_1	17Networks_RH_DorsAttnA_TempOcc_1	#4e9c3c
401	402	7Networks_RH_DorsAttn_Post_2	50	-52	-16	7Networks_RH_DorsAttn_Post_2	#04760a	384	17Networks_RH_DorsAttnA_TempOcc_2	17Networks_RH_DorsAttnA_TempOcc_2	#4e9c3e
402	403	7Networks_RH_DorsAttn_Post_3	60	-54	-2	7Networks_RH_DorsAttn_Post_3	#04760b	402	17Networks_RH_DorsAttnB_TempOcc_1	17Networks_RH_DorsAttnB_TempOcc_1	#05760f
403	404	7Networks_RH_DorsAttn_Post_4	52	-60	14	7Networks_RH_DorsAttn_Post_4	#04760c	387	17Networks_RH_DorsAttnA_ParOcc_2	17Networks_RH_DorsAttnA_TempOcc_5	#4e9c41
404	405	7Networks_RH_DorsAttn_Post_5	46	-66	20	7Networks_RH_DorsAttn_Post_5	#04760d	579	17Networks_RH_DefaultC_IPL_1	17Networks_RH_DefaultC_IPL_1	#040184
405	406	7Networks_RH_DorsAttn_Post_6	42	-82	20	7Networks_RH_DorsAttn_Post_6	#04760e	388	17Networks_RH_DorsAttnA_ParOcc_3	17Networks_RH_DorsAttnA_SPL_1	#4f9b38
406	407	7Networks_RH_DorsAttn_Post_7	46	-76	26	7Networks_RH_DorsAttn_Post_7	#04760f	580	17Networks_RH_DefaultC_IPL_2	17Networks_RH_DefaultC_IPL_2	#040185
407	408	7Networks_RH_DorsAttn_Post_8	30	-66	34	7Networks_RH_DorsAttn_Post_8	#047708	390	17Networks_RH_DorsAttnA_SPL_1	17Networks_RH_DorsAttnA_SPL_3	#4f9b3a
408	409	7Networks_RH_DorsAttn_Post_9	34	-72	42	7Networks_RH_DorsAttn_Post_9	#047709	488	17Networks_RH_ContA_IPS_1	17Networks_RH_Limbic_TempPole_9	#e0f8ab
409	410	7Networks_RH_DorsAttn_Post_10	56	-22	42	7Networks_RH_DorsAttn_Post_10	#04770a	406	17Networks_RH_DorsAttnB_PostC_4	17Networks_RH_DorsAttnB_PostC_4	#05760e
410	411	7Networks_RH_DorsAttn_Post_11	54	-30	52	7Networks_RH_DorsAttn_Post_11	#04770b	490	17Networks_RH_ContA_IPS_3	17Networks_RH_ContA_IPS_2	#ea9321
411	412	7Networks_RH_DorsAttn_Post_12	48	-38	54	7Networks_RH_DorsAttn_Post_12	#04770c	491	17Networks_RH_ContA_IPS_4	17Networks_RH_ContA_IPS_3	#ea9323
412	413	7Networks_RH_DorsAttn_Post_13	32	-66	50	7Networks_RH_DorsAttn_Post_13	#04770d	494	17Networks_RH_ContA_IPS_7	17Networks_RH_ContA_IPS_6	#ea9326
413	414	7Networks_RH_DorsAttn_Post_14	16	-78	52	7Networks_RH_DorsAttn_Post_14	#04770e	392	17Networks_RH_DorsAttnA_SPL_3	17Networks_RH_DorsAttnA_SPL_5	#4f9b3c
414	415	7Networks_RH_DorsAttn_Post_15	46	-28	42	7Networks_RH_DorsAttn_Post_15	#047710	407	17Networks_RH_DorsAttnB_PostC_5	17Networks_RH_DorsAttnB_PostC_5	#057610
415	416	7Networks_RH_DorsAttn_Post_16	38	-40	46	7Networks_RH_DorsAttn_Post_16	#047711	408	17Networks_RH_DorsAttnB_PostC_6	17Networks_RH_DorsAttnB_PostC_6	#057611
416	417	7Networks_RH_DorsAttn_Post_17	28	-64	52	7Networks_RH_DorsAttn_Post_17	#047712	393	17Networks_RH_DorsAttnA_SPL_4	17Networks_RH_DorsAttnA_SPL_6	#4f9b3e
417	418	7Networks_RH_DorsAttn_Post_18	34	-56	52	7Networks_RH_DorsAttn_Post_18	#047713	394	17Networks_RH_DorsAttnA_SPL_5	17Networks_RH_DorsAttnA_SPL_7	#4f9b3f
418	419	7Networks_RH_DorsAttn_Post_19	20	-68	54	7Networks_RH_DorsAttn_Post_19	#047714	395	17Networks_RH_DorsAttnA_SPL_6	17Networks_RH_DorsAttnA_SPL_8	#4f9b40
419	420	7Networks_RH_DorsAttn_Post_20	36	-34	46	7Networks_RH_DorsAttn_Post_20	#047715	409	17Networks_RH_DorsAttnB_PostC_7	17Networks_RH_DorsAttnB_PostC_7	#057612
420	421	7Networks_RH_DorsAttn_Post_21	36	-46	54	7Networks_RH_DorsAttn_Post_21	#047716	396	17Networks_RH_DorsAttnA_SPL_7	17Networks_RH_DorsAttnA_SPL_9	#4f9b41
421	422	7Networks_RH_DorsAttn_Post_22	12	-72	54	7Networks_RH_DorsAttn_Post_22	#04780f	397	17Networks_RH_DorsAttnA_SPL_8	17Networks_RH_DorsAttnA_SPL_10	#4f9b42
422	423	7Networks_RH_DorsAttn_Post_23	36	-40	58	7Networks_RH_DorsAttn_Post_23	#047810	410	17Networks_RH_DorsAttnB_PostC_8	17Networks_RH_DorsAttnB_PostC_8	#057613
423	424	7Networks_RH_DorsAttn_Post_24	6	-54	54	7Networks_RH_DorsAttn_Post_24	#047811	533	17Networks_RH_ContC_pCun_6	17Networks_RH_ContC_pCun_5	#7b8db4
424	425	7Networks_RH_DorsAttn_Post_25	28	-56	60	7Networks_RH_DorsAttn_Post_25	#047812	398	17Networks_RH_DorsAttnA_SPL_9	17Networks_RH_DorsAttnA_SPL_11	#4f9b43
425	426	7Networks_RH_DorsAttn_Post_26	8	-64	58	7Networks_RH_DorsAttn_Post_26	#047813	399	17Networks_RH_DorsAttnA_SPL_10	17Networks_RH_DorsAttnA_SPL_12	#4f9b44
426	427	7Networks_RH_DorsAttn_Post_27	36	-48	66	7Networks_RH_DorsAttn_Post_27	#047814	411	17Networks_RH_DorsAttnB_PostC_9	17Networks_RH_DorsAttnB_PostC_9	#057614
427	428	7Networks_RH_DorsAttn_Post_28	22	-64	66	7Networks_RH_DorsAttn_Post_28	#047815	400	17Networks_RH_DorsAttnA_SPL_11	17Networks_RH_DorsAttnA_SPL_13	#4f9c3d
428	429	7Networks_RH_DorsAttn_Post_29	14	-60	66	7Networks_RH_DorsAttn_Post_29	#047816	401	17Networks_RH_DorsAttnA_SPL_12	17Networks_RH_DorsAttnA_SPL_14	#4f9c3e
429	430	7Networks_RH_DorsAttn_Post_30	8	-50	64	7Networks_RH_DorsAttn_Post_30	#04790f	412	17Networks_RH_DorsAttnB_PostC_10	17Networks_RH_DorsAttnB_PostC_10	#057615
430	431	7Networks_RH_DorsAttn_Post_31	24	-50	68	7Networks_RH_DorsAttn_Post_31	#047910	413	17Networks_RH_DorsAttnB_PostC_11	17Networks_RH_DorsAttnB_PostC_11	#057616
431	432	7Networks_RH_DorsAttn_FEF_1	40	-2	52	7Networks_RH_DorsAttn_FEF_1	#05760f	415	17Networks_RH_DorsAttnB_FEF_1	17Networks_RH_DorsAttnB_FEF_1	#057710
432	433	7Networks_RH_DorsAttn_FEF_2	30	2	54	7Networks_RH_DorsAttn_FEF_2	#057610	496	17Networks_RH_ContA_PFCd_1	17Networks_RH_ContA_IPS_8	#ea9328
433	434	7Networks_RH_DorsAttn_FEF_3	30	-8	54	7Networks_RH_DorsAttn_FEF_3	#057611	416	17Networks_RH_DorsAttnB_FEF_2	17Networks_RH_DorsAttnB_FEF_2	#057711
434	435	7Networks_RH_DorsAttn_FEF_4	26	0	60	7Networks_RH_DorsAttn_FEF_4	#057612	417	17Networks_RH_DorsAttnB_FEF_3	17Networks_RH_DorsAttnB_FEF_3	#057712
435	436	7Networks_RH_DorsAttn_PrCv_1	44	8	24	7Networks_RH_DorsAttn_PrCv_1	#057613	503	17Networks_RH_ContA_PFCl_6	17Networks_RH_ContA_PFCl_5	#e99425
436	437	7Networks_RH_DorsAttn_PrCv_2	52	8	30	7Networks_RH_DorsAttn_PrCv_2	#057614	419	17Networks_RH_DorsAttnB_PrCv_1	17Networks_RH_DorsAttnB_PrCv_1	#057714
437	438	7Networks_RH_SalVentAttn_TempOccPar_1	60	-46	6	7Networks_RH_SalVentAttn_TempOccPar_1	#c93af7	594	17Networks_RH_TempPar_7	17Networks_RH_TempPar_7	#0d29fa
438	439	7Networks_RH_SalVentAttn_TempOccPar_2	56	-54	10	7Networks_RH_SalVentAttn_TempOccPar_2	#c93af8	595	17Networks_RH_TempPar_8	17Networks_RH_TempPar_8	#0d29fb
439	440	7Networks_RH_SalVentAttn_TempOccPar_3	50	-40	12	7Networks_RH_SalVentAttn_TempOccPar_3	#c93af9	596	17Networks_RH_TempPar_9	17Networks_RH_TempPar_9	#0d29fc
440	441	7Networks_RH_SalVentAttn_TempOccPar_4	62	-40	20	7Networks_RH_SalVentAttn_TempOccPar_4	#c93afa	599	17Networks_RH_TempPar_12	17Networks_RH_TempPar_12	#0d2af7
441	442	7Networks_RH_SalVentAttn_TempOccPar_5	64	-32	22	7Networks_RH_SalVentAttn_TempOccPar_5	#c93afc	420	17Networks_RH_SalVentAttnA_ParOper_1	17Networks_RH_SalVentAttnA_ParOper_1	#c83af8
442	443	7Networks_RH_SalVentAttn_TempOccPar_6	50	-30	26	7Networks_RH_SalVentAttn_TempOccPar_6	#c93afd	421	17Networks_RH_SalVentAttnA_ParOper_2	17Networks_RH_SalVentAttnA_ParOper_2	#c83afa
443	444	7Networks_RH_SalVentAttn_TempOccPar_7	60	-22	22	7Networks_RH_SalVentAttn_TempOccPar_7	#c93afe	422	17Networks_RH_SalVentAttnA_ParOper_3	17Networks_RH_SalVentAttnA_ParOper_3	#c83afb
444	445	7Networks_RH_SalVentAttn_TempOccPar_8	64	-40	30	7Networks_RH_SalVentAttn_TempOccPar_8	#c93aff	450	17Networks_RH_SalVentAttnB_IPL_1	17Networks_RH_SalVentAttnB_IPL_1	#fa98d6
445	446	7Networks_RH_SalVentAttn_TempOccPar_9	58	-26	34	7Networks_RH_SalVentAttn_TempOccPar_9	#c633fa	423	17Networks_RH_SalVentAttnA_ParOper_4	17Networks_RH_SalVentAttnA_ParOper_4	#c83afc
446	447	7Networks_RH_SalVentAttn_TempOccPar_10	64	-30	34	7Networks_RH_SalVentAttn_TempOccPar_10	#c633fb	424	17Networks_RH_SalVentAttnA_ParOper_5	17Networks_RH_SalVentAttnA_ParOper_5	#c83afd
447	448	7Networks_RH_SalVentAttn_TempOccPar_11	62	-18	32	7Networks_RH_SalVentAttn_TempOccPar_11	#c634f4	403	17Networks_RH_DorsAttnB_PostC_1	17Networks_RH_DorsAttnB_PostC_1	#05760b
448	449	7Networks_RH_SalVentAttn_TempOccPar_12	62	-24	44	7Networks_RH_SalVentAttn_TempOccPar_12	#c634f5	404	17Networks_RH_DorsAttnB_PostC_2	17Networks_RH_DorsAttnB_PostC_2	#05760c
449	450	7Networks_RH_SalVentAttn_PrC_1	50	4	42	7Networks_RH_SalVentAttn_PrC_1	#c93bfb	425	17Networks_RH_SalVentAttnA_PrC_1	17Networks_RH_SalVentAttnA_PrC_1	#c839fb
450	451	7Networks_RH_SalVentAttn_FrOperIns_1	40	6	-16	7Networks_RH_SalVentAttn_FrOper_1	#c93bf7	431	17Networks_RH_SalVentAttnA_Ins_1	17Networks_RH_SalVentAttnA_Ins_6	#c73afc
451	452	7Networks_RH_SalVentAttn_FrOperIns_2	40	6	-4	7Networks_RH_SalVentAttn_FrOper_2	#c93bf8	433	17Networks_RH_SalVentAttnA_Ins_3	17Networks_RH_SalVentAttnA_Ins_8	#c73afe
452	453	7Networks_RH_SalVentAttn_FrOperIns_3	34	26	0	7Networks_RH_SalVentAttn_FrOper_3	#c93bf9	460	17Networks_RH_SalVentAttnB_Ins_2	17Networks_RH_SalVentAttnB_PFCv_6	#fa98db
453	454	7Networks_RH_SalVentAttn_FrOperIns_4	42	-10	-4	7Networks_RH_SalVentAttn_FrOper_4	#c93bfa	434	17Networks_RH_SalVentAttnA_Ins_4	17Networks_RH_SalVentAttnA_Ins_9	#c73aff
454	455	7Networks_RH_SalVentAttn_FrOperIns_5	38	2	4	7Networks_RH_SalVentAttn_FrOper_5	#c93bfc	435	17Networks_RH_SalVentAttnA_Ins_5	17Networks_RH_SalVentAttnA_Ins_10	#c433fa
455	456	7Networks_RH_SalVentAttn_FrOperIns_6	38	24	8	7Networks_RH_SalVentAttn_FrOper_6	#c93bfd	461	17Networks_RH_SalVentAttnB_Ins_3	17Networks_RH_SalVentAttnB_PFCv_7	#fa98dc
456	457	7Networks_RH_SalVentAttn_FrOperIns_7	36	6	12	7Networks_RH_SalVentAttn_FrOper_7	#c93bfe	436	17Networks_RH_SalVentAttnA_Ins_6	17Networks_RH_SalVentAttnA_Ins_11	#c434f3
457	458	7Networks_RH_SalVentAttn_FrOperIns_8	44	14	4	7Networks_RH_SalVentAttn_FrOper_8	#c93bff	426	17Networks_RH_SalVentAttnA_FrOper_1	17Networks_RH_SalVentAttnA_Ins_1	#c73af6
458	459	7Networks_RH_SalVentAttn_FrOperIns_9	54	14	6	7Networks_RH_SalVentAttn_FrOper_9	#c634fa	462	17Networks_RH_SalVentAttnB_Ins_4	17Networks_RH_SalVentAttnB_PFCmp_1	#fa99d3
459	460	7Networks_RH_SalVentAttn_FrOperIns_10	50	4	4	7Networks_RH_SalVentAttn_FrOper_10	#c634fb	428	17Networks_RH_SalVentAttnA_FrOper_3	17Networks_RH_SalVentAttnA_Ins_3	#c73af8
460	461	7Networks_RH_SalVentAttn_FrOperIns_11	52	10	14	7Networks_RH_SalVentAttn_FrOper_11	#c635f4	429	17Networks_RH_SalVentAttnA_FrOper_4	17Networks_RH_SalVentAttnA_Ins_4	#c73af9
461	462	7Networks_RH_SalVentAttn_FrOperIns_12	58	8	18	7Networks_RH_SalVentAttn_FrOper_12	#c635f5	430	17Networks_RH_SalVentAttnA_FrOper_5	17Networks_RH_SalVentAttnA_Ins_5	#c73afb
462	463	7Networks_RH_SalVentAttn_PFCl_1	34	44	30	7Networks_RH_SalVentAttn_PFCl_1	#c839fb	456	17Networks_RH_SalVentAttnB_PFCl_3	17Networks_RH_SalVentAttnB_PFCv_2	#fa98d5
463	464	7Networks_RH_SalVentAttn_Med_1	4	22	24	7Networks_RH_SalVentAttn_Med_1	#c839f4	467	17Networks_RH_SalVentAttnB_Cinga_1	17Networks_RH_SalVentAttnB_PFCmp_6	#fa99d9
464	465	7Networks_RH_SalVentAttn_Med_2	8	26	32	7Networks_RH_SalVentAttn_Med_2	#c839f5	464	17Networks_RH_SalVentAttnB_PFCmp_2	17Networks_RH_SalVentAttnB_PFCmp_3	#fa99d6
465	466	7Networks_RH_SalVentAttn_Med_3	6	12	36	7Networks_RH_SalVentAttn_Med_3	#c839f6	443	17Networks_RH_SalVentAttnA_FrMed_1	17Networks_RH_SalVentAttnA_FrMed_7	#c739fc
466	467	7Networks_RH_SalVentAttn_Med_4	4	-8	38	7Networks_RH_SalVentAttn_Med_4	#c839f7	444	17Networks_RH_SalVentAttnA_FrMed_2	17Networks_RH_SalVentAttnA_FrMed_8	#c739fd
467	468	7Networks_RH_SalVentAttn_Med_5	10	-28	40	7Networks_RH_SalVentAttn_Med_5	#c839f8	437	17Networks_RH_SalVentAttnA_ParMed_1	17Networks_RH_SalVentAttnA_FrMed_1	#c739f5
468	469	7Networks_RH_SalVentAttn_Med_6	8	14	48	7Networks_RH_SalVentAttn_Med_6	#c839fa	446	17Networks_RH_SalVentAttnA_FrMed_4	17Networks_RH_SalVentAttnA_FrMed_10	#c739ff
469	470	7Networks_RH_SalVentAttn_Med_7	12	-38	44	7Networks_RH_SalVentAttn_Med_7	#c839fc	439	17Networks_RH_SalVentAttnA_ParMed_3	17Networks_RH_SalVentAttnA_FrMed_3	#c739f7
470	471	7Networks_RH_SalVentAttn_Med_8	12	-26	46	7Networks_RH_SalVentAttn_Med_8	#c839fd	440	17Networks_RH_SalVentAttnA_ParMed_4	17Networks_RH_SalVentAttnA_FrMed_4	#c739f8
471	472	7Networks_RH_SalVentAttn_Med_9	10	-44	52	7Networks_RH_SalVentAttn_Med_9	#c839fe	441	17Networks_RH_SalVentAttnA_ParMed_5	17Networks_RH_SalVentAttnA_FrMed_5	#c739f9
472	473	7Networks_RH_SalVentAttn_Med_10	10	-34	52	7Networks_RH_SalVentAttn_Med_10	#c839ff	442	17Networks_RH_SalVentAttnA_ParMed_6	17Networks_RH_SalVentAttnA_FrMed_6	#c739fb
473	474	7Networks_RH_SalVentAttn_Med_11	6	12	62	7Networks_RH_SalVentAttn_Med_11	#c83af9	466	17Networks_RH_SalVentAttnB_PFCmp_4	17Networks_RH_SalVentAttnB_PFCmp_5	#fa99d8
474	475	7Networks_RH_SalVentAttn_Med_12	6	-2	66	7Networks_RH_SalVentAttn_Med_12	#c83afa	448	17Networks_RH_SalVentAttnA_FrMed_6	17Networks_RH_SalVentAttnA_FrMed_12	#c433f3
475	476	7Networks_RH_SalVentAttn_Med_13	16	6	70	7Networks_RH_SalVentAttn_Med_13	#c83afb	449	17Networks_RH_SalVentAttnA_FrMed_7	17Networks_RH_SalVentAttnA_FrMed_13	#c433f4
476	477	7Networks_RH_Limbic_OFC_1	20	14	-22	7Networks_RH_Limbic_OFC_1	#e0f9a1	468	17Networks_RH_LimbicB_OFC_1	17Networks_RH_SalVentAttnB_PFCmp_7	#fa99da
477	478	7Networks_RH_Limbic_OFC_2	16	28	-24	7Networks_RH_Limbic_OFC_2	#e0f9a2	469	17Networks_RH_LimbicB_OFC_2	17Networks_RH_Limbic_OFC_1	#7e872f
478	479	7Networks_RH_Limbic_OFC_3	12	24	-18	7Networks_RH_Limbic_OFC_3	#e0f9a3	470	17Networks_RH_LimbicB_OFC_3	17Networks_RH_Limbic_OFC_2	#7e8730
479	480	7Networks_RH_Limbic_OFC_4	10	42	-24	7Networks_RH_Limbic_OFC_4	#e0f9a5	471	17Networks_RH_LimbicB_OFC_4	17Networks_RH_Limbic_OFC_3	#7e8731
480	481	7Networks_RH_Limbic_OFC_5	24	28	-18	7Networks_RH_Limbic_OFC_5	#e0f9a6	472	17Networks_RH_LimbicB_OFC_5	17Networks_RH_Limbic_OFC_4	#7e8732
481	482	7Networks_RH_Limbic_OFC_6	4	20	-20	7Networks_RH_Limbic_OFC_6	#e0f9a7	474	17Networks_RH_LimbicB_OFC_7	17Networks_RH_Limbic_OFC_6	#7e8735
482	483	7Networks_RH_Limbic_OFC_7	4	50	-24	7Networks_RH_Limbic_OFC_7	#e0f9a8	475	17Networks_RH_LimbicB_OFC_8	17Networks_RH_Limbic_OFC_7	#7e8736
483	484	7Networks_RH_Limbic_OFC_8	14	58	-18	7Networks_RH_Limbic_OFC_8	#e0f9a9	476	17Networks_RH_LimbicB_OFC_9	17Networks_RH_Limbic_OFC_8	#7e8737
484	485	7Networks_RH_Limbic_OFC_9	6	62	-12	7Networks_RH_Limbic_OFC_9	#e0f9aa	478	17Networks_RH_LimbicB_OFC_11	17Networks_RH_Limbic_OFC_10	#7e8739
485	486	7Networks_RH_Limbic_TempPole_1	38	0	-44	7Networks_RH_Limbic_TempPole_1	#e0f9a4	479	17Networks_RH_LimbicA_TempPole_1	17Networks_RH_Limbic_OFC_11	#7e873a
486	487	7Networks_RH_Limbic_TempPole_2	34	14	-40	7Networks_RH_Limbic_TempPole_2	#e0f9ab	480	17Networks_RH_LimbicA_TempPole_2	17Networks_RH_Limbic_TempPole_1	#e0f8a2
487	488	7Networks_RH_Limbic_TempPole_3	28	-6	-36	7Networks_RH_Limbic_TempPole_3	#e0f9ac	481	17Networks_RH_LimbicA_TempPole_3	17Networks_RH_Limbic_TempPole_2	#e0f8a3
488	489	7Networks_RH_Limbic_TempPole_4	38	-12	-34	7Networks_RH_Limbic_TempPole_4	#e0faa5	482	17Networks_RH_LimbicA_TempPole_4	17Networks_RH_Limbic_TempPole_3	#e0f8a4
489	490	7Networks_RH_Limbic_TempPole_5	24	6	-38	7Networks_RH_Limbic_TempPole_5	#e0faa6	483	17Networks_RH_LimbicA_TempPole_5	17Networks_RH_Limbic_TempPole_4	#e0f8a6
490	491	7Networks_RH_Limbic_TempPole_6	52	-18	-32	7Networks_RH_Limbic_TempPole_6	#e0faa7	484	17Networks_RH_LimbicA_TempPole_6	17Networks_RH_Limbic_TempPole_5	#e0f8a7
491	492	7Networks_RH_Limbic_TempPole_7	30	14	-30	7Networks_RH_Limbic_TempPole_7	#e0faa8	485	17Networks_RH_LimbicA_TempPole_7	17Networks_RH_Limbic_TempPole_6	#e0f8a8
492	493	7Networks_RH_Limbic_TempPole_8	38	-30	-24	7Networks_RH_Limbic_TempPole_8	#e0faa9	486	17Networks_RH_LimbicA_TempPole_8	17Networks_RH_Limbic_TempPole_7	#e0f8a9
493	494	7Networks_RH_Limbic_TempPole_9	44	20	-26	7Networks_RH_Limbic_TempPole_9	#e0faaa	487	17Networks_RH_LimbicA_TempPole_9	17Networks_RH_Limbic_TempPole_8	#e0f8aa
494	495	7Networks_RH_Limbic_TempPole_10	22	-18	-28	7Networks_RH_Limbic_TempPole_10	#e0faab	585	17Networks_RH_DefaultC_PHC_1	17Networks_RH_DefaultC_PHC_1	#050086
495	496	7Networks_RH_Limbic_TempPole_11	46	8	-14	7Networks_RH_Limbic_TempPole_11	#e0faac	432	17Networks_RH_SalVentAttnA_Ins_2	17Networks_RH_SalVentAttnA_Ins_7	#c73afd
496	497	7Networks_RH_Cont_Par_1	58	-44	36	7Networks_RH_Cont_Par_1	#ea931f	509	17Networks_RH_ContB_IPL_1	17Networks_RH_ContB_Temp_3	#8c334e
497	498	7Networks_RH_Cont_Par_2	62	-36	44	7Networks_RH_Cont_Par_2	#ea9320	451	17Networks_RH_SalVentAttnB_IPL_2	17Networks_RH_SalVentAttnB_IPL_2	#fa98d7
498	499	7Networks_RH_Cont_Par_3	42	-72	44	7Networks_RH_Cont_Par_3	#ea9321	510	17Networks_RH_ContB_IPL_2	17Networks_RH_ContB_IPL_1	#8b3248
499	500	7Networks_RH_Cont_Par_4	54	-38	48	7Networks_RH_Cont_Par_4	#ea9323	489	17Networks_RH_ContA_IPS_2	17Networks_RH_ContA_IPS_1	#ea9320
500	501	7Networks_RH_Cont_Par_5	48	-56	52	7Networks_RH_Cont_Par_5	#ea9324	512	17Networks_RH_ContB_IPL_4	17Networks_RH_ContB_IPL_3	#8b324b
501	502	7Networks_RH_Cont_Par_6	50	-44	50	7Networks_RH_Cont_Par_6	#ea9325	513	17Networks_RH_ContB_IPL_5	17Networks_RH_ContB_IPL_4	#8b324c
502	503	7Networks_RH_Cont_Par_7	40	-62	50	7Networks_RH_Cont_Par_7	#ea9326	492	17Networks_RH_ContA_IPS_5	17Networks_RH_ContA_IPS_4	#ea9324
503	504	7Networks_RH_Cont_Par_8	44	-46	46	7Networks_RH_Cont_Par_8	#ea9327	493	17Networks_RH_ContA_IPS_6	17Networks_RH_ContA_IPS_5	#ea9325
504	505	7Networks_RH_Cont_Par_9	38	-50	42	7Networks_RH_Cont_Par_9	#ea9328	495	17Networks_RH_ContA_IPS_8	17Networks_RH_ContA_IPS_7	#ea9327
505	506	7Networks_RH_Cont_Temp_1	60	-30	-22	7Networks_RH_Cont_Temp_1	#ea9322	506	17Networks_RH_ContB_Temp_1	17Networks_RH_ContA_Cinga_1	#e99422
506	507	7Networks_RH_Cont_Temp_2	64	-40	-12	7Networks_RH_Cont_Temp_2	#ea9421	508	17Networks_RH_ContB_Temp_3	17Networks_RH_ContB_Temp_2	#8c334d
507	508	7Networks_RH_Cont_PFCv_1	34	20	-8	7Networks_RH_Cont_PFCv_1	#e99423	459	17Networks_RH_SalVentAttnB_Ins_1	17Networks_RH_SalVentAttnB_PFCv_5	#fa98da
508	509	7Networks_RH_Cont_PFCl_1	24	42	-16	7Networks_RH_Cont_PFCl_1	#e9931e	473	17Networks_RH_LimbicB_OFC_6	17Networks_RH_Limbic_OFC_5	#7e8734
509	510	7Networks_RH_Cont_PFCl_2	28	56	-14	7Networks_RH_Cont_PFCl_2	#e9931f	522	17Networks_RH_ContB_PFClv_2	17Networks_RH_ContB_PFClv_1	#8b314a
510	511	7Networks_RH_Cont_PFCl_3	42	50	-8	7Networks_RH_Cont_PFCl_3	#e99320	523	17Networks_RH_ContB_PFClv_3	17Networks_RH_ContB_PFClv_2	#8b3150
511	512	7Networks_RH_Cont_PFCl_4	30	58	-4	7Networks_RH_Cont_PFCl_4	#e99321	524	17Networks_RH_ContB_PFClv_4	17Networks_RH_ContB_PFClv_3	#8b3249
512	513	7Networks_RH_Cont_PFCl_5	20	64	-4	7Networks_RH_Cont_PFCl_5	#e9941a	525	17Networks_RH_ContB_PFClv_5	17Networks_RH_ContB_PFClv_4	#8b324e
513	514	7Networks_RH_Cont_PFCl_6	50	40	4	7Networks_RH_Cont_PFCl_6	#e9941b	457	17Networks_RH_SalVentAttnB_PFClv_1	17Networks_RH_SalVentAttnB_PFCv_3	#fa98d8
514	515	7Networks_RH_Cont_PFCl_7	40	50	6	7Networks_RH_Cont_PFCl_7	#e9941c	458	17Networks_RH_SalVentAttnB_PFClv_2	17Networks_RH_SalVentAttnB_PFCv_4	#fa98d9
515	516	7Networks_RH_Cont_PFCl_8	30	56	8	7Networks_RH_Cont_PFCl_8	#e9941d	526	17Networks_RH_ContB_PFClv_6	17Networks_RH_ContB_PFClv_5	#8b324f
516	517	7Networks_RH_Cont_PFCl_9	50	30	18	7Networks_RH_Cont_PFCl_9	#e9941e	498	17Networks_RH_ContA_PFCl_1	17Networks_RH_ContA_PFCd_2	#ea9421
517	518	7Networks_RH_Cont_PFCl_10	54	18	20	7Networks_RH_Cont_PFCl_10	#e9941f	499	17Networks_RH_ContA_PFCl_2	17Networks_RH_ContA_PFCl_1	#e99420
518	519	7Networks_RH_Cont_PFCl_11	42	42	16	7Networks_RH_Cont_PFCl_11	#e99420	500	17Networks_RH_ContA_PFCl_3	17Networks_RH_ContA_PFCl_2	#e99421
519	520	7Networks_RH_Cont_PFCl_12	32	48	20	7Networks_RH_Cont_PFCl_12	#e99422	454	17Networks_RH_SalVentAttnB_PFCl_1	17Networks_RH_SalVentAttnB_PFCl_3	#fa97d8
520	521	7Networks_RH_Cont_PFCl_13	24	54	26	7Networks_RH_Cont_PFCl_13	#e99424	455	17Networks_RH_SalVentAttnB_PFCl_2	17Networks_RH_SalVentAttnB_PFCv_1	#fa98d4
521	522	7Networks_RH_Cont_PFCl_14	42	18	26	7Networks_RH_Cont_PFCl_14	#e99425	501	17Networks_RH_ContA_PFCl_4	17Networks_RH_ContA_PFCl_3	#e99423
522	523	7Networks_RH_Cont_PFCl_15	48	30	28	7Networks_RH_Cont_PFCl_15	#e99426	502	17Networks_RH_ContA_PFCl_5	17Networks_RH_ContA_PFCl_4	#e99424
523	524	7Networks_RH_Cont_PFCl_16	38	10	34	7Networks_RH_Cont_PFCl_16	#e99427	504	17Networks_RH_ContA_PFCl_7	17Networks_RH_ContA_PFCl_6	#e99426
524	525	7Networks_RH_Cont_PFCl_17	38	34	38	7Networks_RH_Cont_PFCl_17	#e99428	514	17Networks_RH_ContB_PFCld_1	17Networks_RH_ContB_IPL_5	#8b324d
525	526	7Networks_RH_Cont_PFCl_18	48	18	40	7Networks_RH_Cont_PFCl_18	#e99521	515	17Networks_RH_ContB_PFCld_2	17Networks_RH_ContB_PFCld_1	#8b3148
526	527	7Networks_RH_Cont_PFCl_19	42	12	44	7Networks_RH_Cont_PFCl_19	#e99522	516	17Networks_RH_ContB_PFCld_3	17Networks_RH_ContB_PFCld_2	#8b3149
527	528	7Networks_RH_Cont_PFCl_20	40	22	50	7Networks_RH_Cont_PFCl_20	#e99523	517	17Networks_RH_ContB_PFCld_4	17Networks_RH_ContB_PFCld_3	#8b314b
528	529	7Networks_RH_Cont_PFCl_21	42	6	54	7Networks_RH_Cont_PFCl_21	#e99524	518	17Networks_RH_ContB_PFCld_5	17Networks_RH_ContB_PFCld_4	#8b314c
529	530	7Networks_RH_Cont_PFCl_22	30	16	54	7Networks_RH_Cont_PFCl_22	#e99525	519	17Networks_RH_ContB_PFCld_6	17Networks_RH_ContB_PFCld_5	#8b314d
530	531	7Networks_RH_Cont_PFCl_23	24	12	52	7Networks_RH_Cont_PFCl_23	#e99526	497	17Networks_RH_ContA_PFCd_2	17Networks_RH_ContA_PFCd_1	#ea9322
531	532	7Networks_RH_Cont_PFCl_24	24	10	64	7Networks_RH_Cont_PFCl_24	#e99527	452	17Networks_RH_SalVentAttnB_PFCd_1	17Networks_RH_SalVentAttnB_PFCl_1	#fa97d6
532	533	7Networks_RH_Cont_PFCl_25	14	16	64	7Networks_RH_Cont_PFCl_25	#e99528	453	17Networks_RH_SalVentAttnB_PFCd_2	17Networks_RH_SalVentAttnB_PFCl_2	#fa97d7
533	534	7Networks_RH_Cont_pCun_1	14	-72	40	7Networks_RH_Cont_pCun_1	#e99323	529	17Networks_RH_ContC_pCun_2	17Networks_RH_ContC_pCun_1	#7b8daf
534	535	7Networks_RH_Cont_pCun_2	4	-72	48	7Networks_RH_Cont_pCun_2	#e99324	532	17Networks_RH_ContC_pCun_5	17Networks_RH_ContC_pCun_4	#7b8db3
535	536	7Networks_RH_Cont_Cing_1	8	-38	26	7Networks_RH_Cont_Cing_1	#e99322	534	17Networks_RH_ContC_Cingp_1	17Networks_RH_ContC_pCun_6	#7b8db5
536	537	7Networks_RH_Cont_Cing_2	6	-24	28	7Networks_RH_Cont_Cing_2	#e99325	535	17Networks_RH_ContC_Cingp_2	17Networks_RH_ContC_Cingp_1	#7b8db6
537	538	7Networks_RH_Cont_Cing_3	6	4	30	7Networks_RH_Cont_Cing_3	#e99326	505	17Networks_RH_ContA_Cingm_1	17Networks_RH_ContA_PFCl_7	#e99427
538	539	7Networks_RH_Cont_Cing_4	6	-10	30	7Networks_RH_Cont_Cing_4	#e99327	536	17Networks_RH_ContC_Cingp_3	17Networks_RH_ContC_Cingp_2	#7b8db7
539	540	7Networks_RH_Cont_PFCmp_1	8	36	24	7Networks_RH_Cont_PFCmp_1	#ea9425	463	17Networks_RH_SalVentAttnB_PFCmp_1	17Networks_RH_SalVentAttnB_PFCmp_2	#fa99d4
540	541	7Networks_RH_Cont_PFCmp_2	4	38	48	7Networks_RH_Cont_PFCmp_2	#ea9426	527	17Networks_RH_ContB_PFCmp_1	17Networks_RH_ContB_PFClv_6	#8b3250
541	542	7Networks_RH_Cont_PFCmp_3	6	24	48	7Networks_RH_Cont_PFCmp_3	#ea9427	465	17Networks_RH_SalVentAttnB_PFCmp_3	17Networks_RH_SalVentAttnB_PFCmp_4	#fa99d7
542	543	7Networks_RH_Default_Par_1	58	-48	14	7Networks_RH_Default_Par_1	#d13e4b	597	17Networks_RH_TempPar_10	17Networks_RH_TempPar_10	#0d29fd
543	544	7Networks_RH_Default_Par_2	50	-50	18	7Networks_RH_Default_Par_2	#d13e4c	538	17Networks_RH_DefaultA_IPL_1	17Networks_RH_DefaultA_Temp_1	#faff02
544	545	7Networks_RH_Default_Par_3	54	-44	22	7Networks_RH_Default_Par_3	#d13e4e	600	17Networks_RH_TempPar_13	17Networks_RH_TempPar_13	#0d2af8
545	546	7Networks_RH_Default_Par_4	48	-58	26	7Networks_RH_Default_Par_4	#d13e4f	539	17Networks_RH_DefaultA_IPL_2	17Networks_RH_DefaultA_IPL_1	#fbfe02
546	547	7Networks_RH_Default_Par_5	56	-52	28	7Networks_RH_Default_Par_5	#d13e50	540	17Networks_RH_DefaultA_IPL_3	17Networks_RH_DefaultA_IPL_2	#fbfe03
547	548	7Networks_RH_Default_Par_6	50	-68	32	7Networks_RH_Default_Par_6	#d13e51	581	17Networks_RH_DefaultC_IPL_3	17Networks_RH_DefaultC_IPL_3	#040186
548	549	7Networks_RH_Default_Par_7	50	-62	38	7Networks_RH_Default_Par_7	#d13e52	541	17Networks_RH_DefaultA_IPL_4	17Networks_RH_DefaultA_IPL_3	#fbfe04
549	550	7Networks_RH_Default_Par_8	56	-52	42	7Networks_RH_Default_Par_8	#d13e53	511	17Networks_RH_ContB_IPL_3	17Networks_RH_ContB_IPL_2	#8b324a
550	551	7Networks_RH_Default_Temp_1	48	10	-36	7Networks_RH_Default_Temp_1	#d13d4a	565	17Networks_RH_DefaultB_AntTemp_1	17Networks_RH_DefaultB_Temp_2	#d23e51
551	552	7Networks_RH_Default_Temp_2	58	-8	-28	7Networks_RH_Default_Temp_2	#d13d4b	566	17Networks_RH_DefaultB_AntTemp_2	17Networks_RH_DefaultB_AntTemp_1	#d23f4f
552	553	7Networks_RH_Default_Temp_3	52	8	-22	7Networks_RH_Default_Temp_3	#d13d4c	567	17Networks_RH_DefaultB_AntTemp_3	17Networks_RH_DefaultB_AntTemp_2	#d23f50
553	554	7Networks_RH_Default_Temp_4	60	-6	-16	7Networks_RH_Default_Temp_4	#d13d4d	537	17Networks_RH_DefaultA_Temp_1	17Networks_RH_ContC_Cingp_3	#7b8db8
554	555	7Networks_RH_Default_Temp_5	66	-24	-16	7Networks_RH_Default_Temp_5	#d13d4f	507	17Networks_RH_ContB_Temp_2	17Networks_RH_ContB_Temp_1	#8c334c
555	556	7Networks_RH_Default_Temp_6	54	-2	-12	7Networks_RH_Default_Temp_6	#d13d50	588	17Networks_RH_TempPar_1	17Networks_RH_TempPar_1	#1030f9
556	557	7Networks_RH_Default_Temp_7	64	-24	-8	7Networks_RH_Default_Temp_7	#d13d51	563	17Networks_RH_DefaultB_Temp_1	17Networks_RH_DefaultA_PFCm_8	#fef900
557	558	7Networks_RH_Default_Temp_8	50	-18	-10	7Networks_RH_Default_Temp_8	#d13d52	589	17Networks_RH_TempPar_2	17Networks_RH_TempPar_2	#1030fa
558	559	7Networks_RH_Default_Temp_9	48	-26	-4	7Networks_RH_Default_Temp_9	#d13d53	590	17Networks_RH_TempPar_3	17Networks_RH_TempPar_3	#1030fb
559	560	7Networks_RH_Default_Temp_10	64	-38	0	7Networks_RH_Default_Temp_10	#d13d54	564	17Networks_RH_DefaultB_Temp_2	17Networks_RH_DefaultB_Temp_1	#d23e50
560	561	7Networks_RH_Default_Temp_11	50	-36	2	7Networks_RH_Default_Temp_11	#d13d55	592	17Networks_RH_TempPar_5	17Networks_RH_TempPar_5	#1030fd
561	562	7Networks_RH_Default_PFCv_1	30	20	-20	7Networks_RH_Default_PFCv_1	#d13d4e	574	17Networks_RH_DefaultB_PFCv_1	17Networks_RH_DefaultB_PFCd_6	#d23f56
562	563	7Networks_RH_Default_PFCv_2	36	38	-12	7Networks_RH_Default_PFCv_2	#d13e4d	521	17Networks_RH_ContB_PFClv_1	17Networks_RH_ContB_PFCld_7	#8b314f
563	564	7Networks_RH_Default_PFCv_3	40	26	-16	7Networks_RH_Default_PFCv_3	#d13e54	575	17Networks_RH_DefaultB_PFCv_2	17Networks_RH_DefaultB_PFCv_1	#d13e4e
564	565	7Networks_RH_Default_PFCv_4	48	32	-10	7Networks_RH_Default_PFCv_4	#d13f4d	576	17Networks_RH_DefaultB_PFCv_3	17Networks_RH_DefaultB_PFCv_2	#d13e4f
565	566	7Networks_RH_Default_PFCv_5	50	32	-2	7Networks_RH_Default_PFCv_5	#d13f4e	577	17Networks_RH_DefaultB_PFCv_4	17Networks_RH_DefaultB_PFCv_3	#d13e50
566	567	7Networks_RH_Default_PFCv_6	54	24	6	7Networks_RH_Default_PFCv_6	#d13f4f	578	17Networks_RH_DefaultB_PFCv_5	17Networks_RH_DefaultB_PFCv_4	#d13e51
567	568	7Networks_RH_Default_PFCdPFCm_1	4	28	-12	7Networks_RH_Default_PFCm_1	#d03d4e	477	17Networks_RH_LimbicB_OFC_10	17Networks_RH_Limbic_OFC_9	#7e8738
568	569	7Networks_RH_Default_PFCdPFCm_2	6	46	-10	7Networks_RH_Default_PFCm_2	#d03e47	555	17Networks_RH_DefaultA_PFCm_1	17Networks_RH_DefaultA_PCC_10	#fbfe06
569	570	7Networks_RH_Default_PFCdPFCm_3	8	54	-2	7Networks_RH_Default_PFCm_3	#d03e48	556	17Networks_RH_DefaultA_PFCm_2	17Networks_RH_DefaultA_PFCm_1	#f9ff01
570	571	7Networks_RH_Default_PFCdPFCm_4	6	38	-2	7Networks_RH_Default_PFCm_4	#d03e49	557	17Networks_RH_DefaultA_PFCm_3	17Networks_RH_DefaultA_PFCm_2	#f9ff02
571	572	7Networks_RH_Default_PFCdPFCm_5	8	68	4	7Networks_RH_Default_PFCm_5	#d03e4a	558	17Networks_RH_DefaultA_PFCm_4	17Networks_RH_DefaultA_PFCm_3	#f9ff03
572	573	7Networks_RH_Default_PFCdPFCm_6	8	56	10	7Networks_RH_Default_PFCm_6	#d03e4b	559	17Networks_RH_DefaultA_PFCm_5	17Networks_RH_DefaultA_PFCm_4	#f9ff04
573	574	7Networks_RH_Default_PFCdPFCm_7	10	42	10	7Networks_RH_Default_PFCm_7	#d03e4c	560	17Networks_RH_DefaultA_PFCm_6	17Networks_RH_DefaultA_PFCm_5	#f9ff05
574	575	7Networks_RH_Default_PFCdPFCm_8	18	66	14	7Networks_RH_Default_PFCm_8	#d03e4d	561	17Networks_RH_DefaultA_PFCm_7	17Networks_RH_DefaultA_PFCm_6	#f9ff06
575	576	7Networks_RH_Default_PFCdPFCm_9	6	30	12	7Networks_RH_Default_PFCm_9	#d03e4f	562	17Networks_RH_DefaultA_PFCm_8	17Networks_RH_DefaultA_PFCm_7	#f9ff07
576	577	7Networks_RH_Default_PFCdPFCm_10	6	60	28	7Networks_RH_Default_PFCm_10	#d03e50	568	17Networks_RH_DefaultB_PFCd_1	17Networks_RH_DefaultB_AntTemp_3	#d23f51
577	578	7Networks_RH_Default_PFCdPFCm_11	6	48	30	7Networks_RH_Default_PFCm_11	#d03e51	569	17Networks_RH_DefaultB_PFCd_2	17Networks_RH_DefaultB_PFCd_1	#d23f4e
578	579	7Networks_RH_Default_PFCdPFCm_12	16	54	34	7Networks_RH_Default_PFCm_12	#d03e52	570	17Networks_RH_DefaultB_PFCd_3	17Networks_RH_DefaultB_PFCd_2	#d23f52
579	580	7Networks_RH_Default_PFCdPFCm_13	24	38	34	7Networks_RH_Default_PFCm_13	#d03e53	542	17Networks_RH_DefaultA_PFCd_1	17Networks_RH_DefaultA_IPL_4	#fbfe05
580	581	7Networks_RH_Default_PFCdPFCm_14	10	50	46	7Networks_RH_Default_PFCm_14	#d03e54	571	17Networks_RH_DefaultB_PFCd_4	17Networks_RH_DefaultB_PFCd_3	#d23f53
581	582	7Networks_RH_Default_PFCdPFCm_15	22	40	44	7Networks_RH_Default_PFCm_15	#d03e55	543	17Networks_RH_DefaultA_PFCd_2	17Networks_RH_DefaultA_PFCd_1	#fbff03
582	583	7Networks_RH_Default_PFCdPFCm_16	28	30	42	7Networks_RH_Default_PFCm_16	#d03f4e	544	17Networks_RH_DefaultA_PFCd_3	17Networks_RH_DefaultA_PFCd_2	#fbff04
583	584	7Networks_RH_Default_PFCdPFCm_17	14	36	54	7Networks_RH_Default_PFCm_17	#d03f4f	572	17Networks_RH_DefaultB_PFCd_5	17Networks_RH_DefaultB_PFCd_4	#d23f54
584	585	7Networks_RH_Default_PFCdPFCm_18	24	24	54	7Networks_RH_Default_PFCm_18	#d03f50	520	17Networks_RH_ContB_PFCld_7	17Networks_RH_ContB_PFCld_6	#8b314e
585	586	7Networks_RH_Default_PFCdPFCm_19	10	26	60	7Networks_RH_Default_PFCm_19	#d03f51	573	17Networks_RH_DefaultB_PFCd_6	17Networks_RH_DefaultB_PFCd_5	#d23f55
586	587	7Networks_RH_Default_pCunPCC_1	10	-52	10	7Networks_RH_Default_PCC_1	#d03e4e	583	17Networks_RH_DefaultC_Rsp_2	17Networks_RH_DefaultC_Rsp_2	#050084
587	588	7Networks_RH_Default_pCunPCC_2	6	-46	14	7Networks_RH_Default_PCC_2	#d03f4d	545	17Networks_RH_DefaultA_pCunPCC_1	17Networks_RH_DefaultA_PFCd_3	#fbff05
588	589	7Networks_RH_Default_pCunPCC_3	16	-58	20	7Networks_RH_Default_PCC_3	#d03f52	584	17Networks_RH_DefaultC_Rsp_3	17Networks_RH_DefaultC_Rsp_3	#050085
589	590	7Networks_RH_Default_pCunPCC_4	6	-52	20	7Networks_RH_Default_PCC_4	#d03f53	546	17Networks_RH_DefaultA_pCunPCC_2	17Networks_RH_DefaultA_PCC_1	#fbfd01
590	591	7Networks_RH_Default_pCunPCC_5	4	-46	28	7Networks_RH_Default_PCC_5	#d03f54	547	17Networks_RH_DefaultA_pCunPCC_3	17Networks_RH_DefaultA_PCC_2	#fbfd02
591	592	7Networks_RH_Default_pCunPCC_6	6	-62	28	7Networks_RH_Default_PCC_6	#d0404d	548	17Networks_RH_DefaultA_pCunPCC_4	17Networks_RH_DefaultA_PCC_3	#fbfd03
592	593	7Networks_RH_Default_pCunPCC_7	10	-50	28	7Networks_RH_Default_PCC_7	#d0404e	549	17Networks_RH_DefaultA_pCunPCC_5	17Networks_RH_DefaultA_PCC_4	#fbfd04
593	594	7Networks_RH_Default_pCunPCC_8	6	-36	34	7Networks_RH_Default_PCC_8	#d0404f	550	17Networks_RH_DefaultA_pCunPCC_6	17Networks_RH_DefaultA_PCC_5	#fbfd05
594	595	7Networks_RH_Default_pCunPCC_9	4	-24	36	7Networks_RH_Default_PCC_9	#d04050	551	17Networks_RH_DefaultA_pCunPCC_7	17Networks_RH_DefaultA_PCC_6	#fbfd06
595	596	7Networks_RH_Default_pCunPCC_10	4	-68	36	7Networks_RH_Default_PCC_10	#d04051	552	17Networks_RH_DefaultA_pCunPCC_8	17Networks_RH_DefaultA_PCC_7	#fbfd07
596	597	7Networks_RH_Default_pCunPCC_11	8	-54	34	7Networks_RH_Default_PCC_11	#d04052	553	17Networks_RH_DefaultA_pCunPCC_9	17Networks_RH_DefaultA_PCC_8	#fbfe00
597	598	7Networks_RH_Default_pCunPCC_12	10	-44	38	7Networks_RH_Default_PCC_12	#d04053	554	17Networks_RH_DefaultA_pCunPCC_10	17Networks_RH_DefaultA_PCC_9	#fbfe01
598	599	7Networks_RH_Default_pCunPCC_13	8	-50	44	7Networks_RH_Default_PCC_13	#d04054	530	17Networks_RH_ContC_pCun_3	17Networks_RH_ContC_pCun_2	#7b8db1
599	600	7Networks_RH_Default_pCunPCC_14	6	-62	44	7Networks_RH_Default_PCC_14	#d0414d	531	17Networks_RH_ContC_pCun_4	17Networks_RH_ContC_pCun_3	#7b8db2
