index	label	network_label	label_7network	index_17network	label_17network	network_label_17network
1	LH_Vis_1	Vis	7Networks_LH_Vis_1	7	17Networks_LH_VisPeri_ExStrInf_1	VisPeri
2	LH_Vis_2	Vis	7Networks_LH_Vis_2	1	17Networks_LH_VisCent_ExStr_1	VisCent
3	LH_Vis_3	Vis	7Networks_LH_Vis_3	30	17Networks_LH_DorsAttnA_TempOcc_2	DorsAttnA
4	LH_Vis_4	Vis	7Networks_LH_Vis_4	8	17Networks_LH_VisPeri_ExStrInf_2	VisPeri
5	LH_Vis_5	Vis	7Networks_LH_Vis_5	2	17Networks_LH_VisCent_ExStr_2	VisCent
6	LH_Vis_6	Vis	7Networks_LH_Vis_6	9	17Networks_LH_VisPeri_ExStrInf_3	VisPeri
7	LH_Vis_7	Vis	7Networks_LH_Vis_7	3	17Networks_LH_VisCent_Striate_1	VisCent
8	LH_Vis_8	Vis	7Networks_LH_Vis_8	31	17Networks_LH_DorsAttnA_ParOcc_1	DorsAttnA
9	LH_Vis_9	Vis	7Networks_LH_Vis_9	4	17Networks_LH_VisCent_ExStr_3	VisCent
10	LH_Vis_10	Vis	7Networks_LH_Vis_10	10	17Networks_LH_VisPeri_StriCal_1	VisPeri
11	LH_Vis_11	Vis	7Networks_LH_Vis_11	5	17Networks_LH_VisCent_ExStr_4	VisCent
12	LH_Vis_12	Vis	7Networks_LH_Vis_12	11	17Networks_LH_VisPeri_ExStrSup_1	VisPeri
13	LH_Vis_13	Vis	7Networks_LH_Vis_13	12	17Networks_LH_VisPeri_ExStrSup_2	VisPeri
14	LH_Vis_14	Vis	7Networks_LH_Vis_14	6	17Networks_LH_VisCent_ExStr_5	VisCent
15	LH_SomMot_1	SomMot	7Networks_LH_SomMot_1	21	17Networks_LH_SomMotB_Aud_1	SomMotB
16	LH_SomMot_2	SomMot	7Networks_LH_SomMot_2	22	17Networks_LH_SomMotB_Aud_2	SomMotB
17	LH_SomMot_3	SomMot	7Networks_LH_SomMot_3	23	17Networks_LH_SomMotB_S2_1	SomMotB
18	LH_SomMot_4	SomMot	7Networks_LH_SomMot_4	24	17Networks_LH_SomMotB_S2_2	SomMotB
19	LH_SomMot_5	SomMot	7Networks_LH_SomMot_5	26	17Networks_LH_SomMotB_S2_3	SomMotB
20	LH_SomMot_6	SomMot	7Networks_LH_SomMot_6	27	17Networks_LH_SomMotB_Cent_1	SomMotB
21	LH_SomMot_7	SomMot	7Networks_LH_SomMot_7	28	17Networks_LH_SomMotB_Cent_2	SomMotB
22	LH_SomMot_8	SomMot	7Networks_LH_SomMot_8	13	17Networks_LH_SomMotA_1	SomMotA
23	LH_SomMot_9	SomMot	7Networks_LH_SomMot_9	14	17Networks_LH_SomMotA_2	SomMotA
24	LH_SomMot_10	SomMot	7Networks_LH_SomMot_10	15	17Networks_LH_SomMotA_3	SomMotA
25	LH_SomMot_11	SomMot	7Networks_LH_SomMot_11	37	17Networks_LH_DorsAttnB_PostC_3	DorsAttnB
26	LH_SomMot_12	SomMot	7Networks_LH_SomMot_12	16	17Networks_LH_SomMotA_4	SomMotA
27	LH_SomMot_13	SomMot	7Networks_LH_SomMot_13	17	17Networks_LH_SomMotA_5	SomMotA
28	LH_SomMot_14	SomMot	7Networks_LH_SomMot_14	18	17Networks_LH_SomMotA_6	SomMotA
29	LH_SomMot_15	SomMot	7Networks_LH_SomMot_15	19	17Networks_LH_SomMotA_7	SomMotA
30	LH_SomMot_16	SomMot	7Networks_LH_SomMot_16	20	17Networks_LH_SomMotA_8	SomMotA
31	LH_DorsAttn_Post_1	DorsAttn	7Networks_LH_DorsAttn_Post_1	29	17Networks_LH_DorsAttnA_TempOcc_1	DorsAttnA
32	LH_DorsAttn_Post_2	DorsAttn	7Networks_LH_DorsAttn_Post_2	57	17Networks_LH_ContA_Temp_1	ContA
33	LH_DorsAttn_Post_3	DorsAttn	7Networks_LH_DorsAttn_Post_3	32	17Networks_LH_DorsAttnA_SPL_1	DorsAttnA
34	LH_DorsAttn_Post_4	DorsAttn	7Networks_LH_DorsAttn_Post_4	35	17Networks_LH_DorsAttnB_PostC_1	DorsAttnB
35	LH_DorsAttn_Post_5	DorsAttn	7Networks_LH_DorsAttn_Post_5	36	17Networks_LH_DorsAttnB_PostC_2	DorsAttnB
36	LH_DorsAttn_Post_6	DorsAttn	7Networks_LH_DorsAttn_Post_6	60	17Networks_LH_ContA_IPS_3	ContA
37	LH_DorsAttn_Post_7	DorsAttn	7Networks_LH_DorsAttn_Post_7	33	17Networks_LH_DorsAttnA_SPL_2	DorsAttnA
38	LH_DorsAttn_Post_8	DorsAttn	7Networks_LH_DorsAttn_Post_8	34	17Networks_LH_DorsAttnA_SPL_3	DorsAttnA
39	LH_DorsAttn_Post_9	DorsAttn	7Networks_LH_DorsAttn_Post_9	73	17Networks_LH_ContC_pCun_2	ContC
40	LH_DorsAttn_Post_10	DorsAttn	7Networks_LH_DorsAttn_Post_10	38	17Networks_LH_DorsAttnB_PostC_4	DorsAttnB
41	LH_DorsAttn_FEF_1	DorsAttn	7Networks_LH_DorsAttn_FEF_1	39	17Networks_LH_DorsAttnB_FEF_1	DorsAttnB
42	LH_DorsAttn_FEF_2	DorsAttn	7Networks_LH_DorsAttn_FEF_2	61	17Networks_LH_ContA_PFCd_1	ContA
43	LH_DorsAttn_PrCv_1	DorsAttn	7Networks_LH_DorsAttn_PrCv_1	64	17Networks_LH_ContA_PFCl_2	ContA
44	LH_SalVentAttn_ParOper_1	SalVentAttn	7Networks_LH_SalVentAttn_ParOper_1	25	17Networks_LH_SomMotB_Aud_3	SomMotB
45	LH_SalVentAttn_ParOper_2	SalVentAttn	7Networks_LH_SalVentAttn_ParOper_2	40	17Networks_LH_SalVentAttnA_ParOper_1	SalVentAttnA
46	LH_SalVentAttn_ParOper_3	SalVentAttn	7Networks_LH_SalVentAttn_ParOper_3	47	17Networks_LH_SalVentAttnB_IPL_1	SalVentAttnB
47	LH_SalVentAttn_FrOperIns_1	SalVentAttn	7Networks_LH_SalVentAttn_FrOperIns_1	41	17Networks_LH_SalVentAttnA_Ins_1	SalVentAttnA
48	LH_SalVentAttn_FrOperIns_2	SalVentAttn	7Networks_LH_SalVentAttn_FrOperIns_2	49	17Networks_LH_SalVentAttnB_Ins_1	SalVentAttnB
49	LH_SalVentAttn_FrOperIns_3	SalVentAttn	7Networks_LH_SalVentAttn_FrOperIns_3	42	17Networks_LH_SalVentAttnA_FrOper_1	SalVentAttnA
50	LH_SalVentAttn_FrOperIns_4	SalVentAttn	7Networks_LH_SalVentAttn_FrOperIns_4	43	17Networks_LH_SalVentAttnA_FrOper_2	SalVentAttnA
51	LH_SalVentAttn_PFCl_1	SalVentAttn	7Networks_LH_SalVentAttn_PFCl_1	48	17Networks_LH_SalVentAttnB_PFCl_1	SalVentAttnB
52	LH_SalVentAttn_Med_1	SalVentAttn	7Networks_LH_SalVentAttn_Med_1	45	17Networks_LH_SalVentAttnA_FrMed_1	SalVentAttnA
53	LH_SalVentAttn_Med_2	SalVentAttn	7Networks_LH_SalVentAttn_Med_2	44	17Networks_LH_SalVentAttnA_ParMed_1	SalVentAttnA
54	LH_SalVentAttn_Med_3	SalVentAttn	7Networks_LH_SalVentAttn_Med_3	46	17Networks_LH_SalVentAttnA_FrMed_2	SalVentAttnA
55	LH_Limbic_OFC_1	Limbic	7Networks_LH_Limbic_OFC_1	51	17Networks_LH_LimbicB_OFC_1	LimbicB
56	LH_Limbic_OFC_2	Limbic	7Networks_LH_Limbic_OFC_2	52	17Networks_LH_LimbicB_OFC_2	LimbicB
57	LH_Limbic_TempPole_1	Limbic	7Networks_LH_Limbic_TempPole_1	53	17Networks_LH_LimbicA_TempPole_1	LimbicA
58	LH_Limbic_TempPole_2	Limbic	7Networks_LH_Limbic_TempPole_2	54	17Networks_LH_LimbicA_TempPole_2	LimbicA
59	LH_Limbic_TempPole_3	Limbic	7Networks_LH_Limbic_TempPole_3	55	17Networks_LH_LimbicA_TempPole_3	LimbicA
60	LH_Limbic_TempPole_4	Limbic	7Networks_LH_Limbic_TempPole_4	56	17Networks_LH_LimbicA_TempPole_4	LimbicA
61	LH_Cont_Par_1	Cont	7Networks_LH_Cont_Par_1	68	17Networks_LH_ContB_IPL_1	ContB
62	LH_Cont_Par_2	Cont	7Networks_LH_Cont_Par_2	58	17Networks_LH_ContA_IPS_1	ContA
63	LH_Cont_Par_3	Cont	7Networks_LH_Cont_Par_3	59	17Networks_LH_ContA_IPS_2	ContA
64	LH_Cont_Temp_1	Cont	7Networks_LH_Cont_Temp_1	67	17Networks_LH_ContB_Temp_1	ContB
65	LH_Cont_OFC_1	Cont	7Networks_LH_Cont_OFC_1	93	17Networks_LH_DefaultB_PFCv_2	DefaultB
66	LH_Cont_PFCl_1	Cont	7Networks_LH_Cont_PFCl_1	70	17Networks_LH_ContB_PFClv_1	ContB
67	LH_Cont_PFCl_2	Cont	7Networks_LH_Cont_PFCl_2	71	17Networks_LH_ContB_PFClv_2	ContB
68	LH_Cont_PFCl_3	Cont	7Networks_LH_Cont_PFCl_3	62	17Networks_LH_ContA_PFClv_1	ContA
69	LH_Cont_PFCl_4	Cont	7Networks_LH_Cont_PFCl_4	63	17Networks_LH_ContA_PFCl_1	ContA
70	LH_Cont_PFCl_5	Cont	7Networks_LH_Cont_PFCl_5	65	17Networks_LH_ContA_PFCl_3	ContA
71	LH_Cont_pCun_1	Cont	7Networks_LH_Cont_pCun_1	72	17Networks_LH_ContC_pCun_1	ContC
72	LH_Cont_Cing_1	Cont	7Networks_LH_Cont_Cing_1	74	17Networks_LH_ContC_Cingp_1	ContC
73	LH_Cont_Cing_2	Cont	7Networks_LH_Cont_Cing_2	66	17Networks_LH_ContA_Cingm_1	ContA
74	LH_Default_Temp_1	Default	7Networks_LH_Default_Temp_1	83	17Networks_LH_DefaultB_Temp_1	DefaultB
75	LH_Default_Temp_2	Default	7Networks_LH_Default_Temp_2	84	17Networks_LH_DefaultB_Temp_2	DefaultB
76	LH_Default_Temp_3	Default	7Networks_LH_Default_Temp_3	85	17Networks_LH_DefaultB_Temp_3	DefaultB
77	LH_Default_Temp_4	Default	7Networks_LH_Default_Temp_4	86	17Networks_LH_DefaultB_Temp_4	DefaultB
78	LH_Default_Temp_5	Default	7Networks_LH_Default_Temp_5	99	17Networks_LH_TempPar_1	TempPar
79	LH_Default_Par_1	Default	7Networks_LH_Default_Par_1	100	17Networks_LH_TempPar_2	TempPar
80	LH_Default_Par_2	Default	7Networks_LH_Default_Par_2	96	17Networks_LH_DefaultC_IPL_1	DefaultC
81	LH_Default_Par_3	Default	7Networks_LH_Default_Par_3	87	17Networks_LH_DefaultB_IPL_1	DefaultB
82	LH_Default_Par_4	Default	7Networks_LH_Default_Par_4	75	17Networks_LH_DefaultA_IPL_1	DefaultA
83	LH_Default_PFC_1	Default	7Networks_LH_Default_PFC_1	92	17Networks_LH_DefaultB_PFCv_1	DefaultB
84	LH_Default_PFC_2	Default	7Networks_LH_Default_PFC_2	80	17Networks_LH_DefaultA_PFCm_1	DefaultA
85	LH_Default_PFC_3	Default	7Networks_LH_Default_PFC_3	94	17Networks_LH_DefaultB_PFCv_3	DefaultB
86	LH_Default_PFC_4	Default	7Networks_LH_Default_PFC_4	81	17Networks_LH_DefaultA_PFCm_2	DefaultA
87	LH_Default_PFC_5	Default	7Networks_LH_Default_PFC_5	95	17Networks_LH_DefaultB_PFCv_4	DefaultB
88	LH_Default_PFC_6	Default	7Networks_LH_Default_PFC_6	82	17Networks_LH_DefaultA_PFCm_3	DefaultA
89	LH_Default_PFC_7	Default	7Networks_LH_Default_PFC_7	88	17Networks_LH_DefaultB_PFCd_1	DefaultB
90	LH_Default_PFC_8	Default	7Networks_LH_Default_PFC_8	50	17Networks_LH_SalVentAttnB_PFCmp_1	SalVentAttnB
91	LH_Default_PFC_9	Default	7Networks_LH_Default_PFC_9	89	17Networks_LH_DefaultB_PFCd_2	DefaultB
92	LH_Default_PFC_10	Default	7Networks_LH_Default_PFC_10	90	17Networks_LH_DefaultB_PFCd_3	DefaultB
93	LH_Default_PFC_11	Default	7Networks_LH_Default_PFC_11	69	17Networks_LH_ContB_PFCl_1	ContB
94	LH_Default_PFC_12	Default	7Networks_LH_Default_PFC_12	76	17Networks_LH_DefaultA_PFCd_1	DefaultA
95	LH_Default_PFC_13	Default	7Networks_LH_Default_PFC_13	91	17Networks_LH_DefaultB_PFCd_4	DefaultB
96	LH_Default_pCunPCC_1	Default	7Networks_LH_Default_pCunPCC_1	97	17Networks_LH_DefaultC_Rsp_1	DefaultC
97	LH_Default_pCunPCC_2	Default	7Networks_LH_Default_pCunPCC_2	77	17Networks_LH_DefaultA_pCunPCC_1	DefaultA
98	LH_Default_pCunPCC_3	Default	7Networks_LH_Default_pCunPCC_3	78	17Networks_LH_DefaultA_pCunPCC_2	DefaultA
99	LH_Default_pCunPCC_4	Default	7Networks_LH_Default_pCunPCC_4	79	17Networks_LH_DefaultA_pCunPCC_3	DefaultA
100	LH_Default_PHC_1	Default	7Networks_LH_Default_PHC_1	98	17Networks_LH_DefaultC_PHC_1	DefaultC
101	RH_Vis_1	Vis	7Networks_RH_Vis_1	164	17Networks_RH_LimbicA_TempPole_4	LimbicA
102	RH_Vis_2	Vis	7Networks_RH_Vis_2	196	17Networks_RH_DefaultC_PHC_1	DefaultC
103	RH_Vis_3	Vis	7Networks_RH_Vis_3	101	17Networks_RH_VisCent_ExStr_1	VisCent
104	RH_Vis_4	Vis	7Networks_RH_Vis_4	107	17Networks_RH_VisPeri_ExStrInf_1	VisPeri
105	RH_Vis_5	Vis	7Networks_RH_Vis_5	102	17Networks_RH_VisCent_ExStr_2	VisCent
106	RH_Vis_6	Vis	7Networks_RH_Vis_6	103	17Networks_RH_VisCent_Striate_1	VisCent
107	RH_Vis_7	Vis	7Networks_RH_Vis_7	108	17Networks_RH_VisPeri_ExStrInf_2	VisPeri
108	RH_Vis_8	Vis	7Networks_RH_Vis_8	104	17Networks_RH_VisCent_ExStr_3	VisCent
109	RH_Vis_9	Vis	7Networks_RH_Vis_9	109	17Networks_RH_VisPeri_StriCal_1	VisPeri
110	RH_Vis_10	Vis	7Networks_RH_Vis_10	110	17Networks_RH_VisPeri_ExStrSup_1	VisPeri
111	RH_Vis_11	Vis	7Networks_RH_Vis_11	105	17Networks_RH_VisCent_ExStr_4	VisCent
112	RH_Vis_12	Vis	7Networks_RH_Vis_12	106	17Networks_RH_VisCent_ExStr_5	VisCent
113	RH_Vis_13	Vis	7Networks_RH_Vis_13	111	17Networks_RH_VisPeri_ExStrSup_2	VisPeri
114	RH_Vis_14	Vis	7Networks_RH_Vis_14	112	17Networks_RH_VisPeri_ExStrSup_3	VisPeri
115	RH_Vis_15	Vis	7Networks_RH_Vis_15	133	17Networks_RH_DorsAttnA_SPL_1	DorsAttnA
116	RH_SomMot_1	SomMot	7Networks_RH_SomMot_1	124	17Networks_RH_SomMotB_Aud_1	SomMotB
117	RH_SomMot_2	SomMot	7Networks_RH_SomMot_2	125	17Networks_RH_SomMotB_Aud_2	SomMotB
118	RH_SomMot_3	SomMot	7Networks_RH_SomMot_3	126	17Networks_RH_SomMotB_S2_1	SomMotB
119	RH_SomMot_4	SomMot	7Networks_RH_SomMot_4	127	17Networks_RH_SomMotB_S2_2	SomMotB
120	RH_SomMot_5	SomMot	7Networks_RH_SomMot_5	128	17Networks_RH_SomMotB_S2_3	SomMotB
121	RH_SomMot_6	SomMot	7Networks_RH_SomMot_6	129	17Networks_RH_SomMotB_S2_4	SomMotB
122	RH_SomMot_7	SomMot	7Networks_RH_SomMot_7	130	17Networks_RH_SomMotB_Cent_1	SomMotB
123	RH_SomMot_8	SomMot	7Networks_RH_SomMot_8	148	17Networks_RH_SalVentAttnA_ParMed_1	SalVentAttnA
124	RH_SomMot_9	SomMot	7Networks_RH_SomMot_9	113	17Networks_RH_SomMotA_1	SomMotA
125	RH_SomMot_10	SomMot	7Networks_RH_SomMot_10	114	17Networks_RH_SomMotA_2	SomMotA
126	RH_SomMot_11	SomMot	7Networks_RH_SomMot_11	115	17Networks_RH_SomMotA_3	SomMotA
127	RH_SomMot_12	SomMot	7Networks_RH_SomMot_12	116	17Networks_RH_SomMotA_4	SomMotA
128	RH_SomMot_13	SomMot	7Networks_RH_SomMot_13	117	17Networks_RH_SomMotA_5	SomMotA
129	RH_SomMot_14	SomMot	7Networks_RH_SomMot_14	118	17Networks_RH_SomMotA_6	SomMotA
130	RH_SomMot_15	SomMot	7Networks_RH_SomMot_15	119	17Networks_RH_SomMotA_7	SomMotA
131	RH_SomMot_16	SomMot	7Networks_RH_SomMot_16	120	17Networks_RH_SomMotA_8	SomMotA
132	RH_SomMot_17	SomMot	7Networks_RH_SomMot_17	121	17Networks_RH_SomMotA_9	SomMotA
133	RH_SomMot_18	SomMot	7Networks_RH_SomMot_18	122	17Networks_RH_SomMotA_10	SomMotA
134	RH_SomMot_19	SomMot	7Networks_RH_SomMot_19	123	17Networks_RH_SomMotA_11	SomMotA
135	RH_DorsAttn_Post_1	DorsAttn	7Networks_RH_DorsAttn_Post_1	131	17Networks_RH_DorsAttnA_TempOcc_1	DorsAttnA
136	RH_DorsAttn_Post_2	DorsAttn	7Networks_RH_DorsAttn_Post_2	132	17Networks_RH_DorsAttnA_ParOcc_1	DorsAttnA
137	RH_DorsAttn_Post_3	DorsAttn	7Networks_RH_DorsAttn_Post_3	137	17Networks_RH_DorsAttnB_PostC_1	DorsAttnB
138	RH_DorsAttn_Post_4	DorsAttn	7Networks_RH_DorsAttn_Post_4	166	17Networks_RH_ContA_IPS_2	ContA
139	RH_DorsAttn_Post_5	DorsAttn	7Networks_RH_DorsAttn_Post_5	138	17Networks_RH_DorsAttnB_PostC_2	DorsAttnB
140	RH_DorsAttn_Post_6	DorsAttn	7Networks_RH_DorsAttn_Post_6	134	17Networks_RH_DorsAttnA_SPL_2	DorsAttnA
141	RH_DorsAttn_Post_7	DorsAttn	7Networks_RH_DorsAttn_Post_7	135	17Networks_RH_DorsAttnA_SPL_3	DorsAttnA
142	RH_DorsAttn_Post_8	DorsAttn	7Networks_RH_DorsAttn_Post_8	136	17Networks_RH_DorsAttnA_SPL_4	DorsAttnA
143	RH_DorsAttn_Post_9	DorsAttn	7Networks_RH_DorsAttn_Post_9	139	17Networks_RH_DorsAttnB_PostC_3	DorsAttnB
144	RH_DorsAttn_Post_10	DorsAttn	7Networks_RH_DorsAttn_Post_10	140	17Networks_RH_DorsAttnB_PostC_4	DorsAttnB
145	RH_DorsAttn_FEF_1	DorsAttn	7Networks_RH_DorsAttn_FEF_1	141	17Networks_RH_DorsAttnB_FEF_1	DorsAttnB
146	RH_DorsAttn_FEF_2	DorsAttn	7Networks_RH_DorsAttn_FEF_2	167	17Networks_RH_ContA_PFCd_1	ContA
147	RH_DorsAttn_PrCv_1	DorsAttn	7Networks_RH_DorsAttn_PrCv_1	168	17Networks_RH_ContA_PFCl_1	ContA
148	RH_SalVentAttn_TempOccPar_1	SalVentAttn	7Networks_RH_SalVentAttn_TempOccPar_1	199	17Networks_RH_TempPar_3	TempPar
149	RH_SalVentAttn_TempOccPar_2	SalVentAttn	7Networks_RH_SalVentAttn_TempOccPar_2	200	17Networks_RH_TempPar_4	TempPar
150	RH_SalVentAttn_TempOccPar_3	SalVentAttn	7Networks_RH_SalVentAttn_TempOccPar_3	142	17Networks_RH_SalVentAttnA_ParOper_1	SalVentAttnA
151	RH_SalVentAttn_PrC_1	SalVentAttn	7Networks_RH_SalVentAttn_PrC_1	143	17Networks_RH_SalVentAttnA_PrC_1	SalVentAttnA
152	RH_SalVentAttn_FrOperIns_1	SalVentAttn	7Networks_RH_SalVentAttn_FrOperIns_1	144	17Networks_RH_SalVentAttnA_Ins_1	SalVentAttnA
153	RH_SalVentAttn_FrOperIns_2	SalVentAttn	7Networks_RH_SalVentAttn_FrOperIns_2	145	17Networks_RH_SalVentAttnA_Ins_2	SalVentAttnA
154	RH_SalVentAttn_FrOperIns_3	SalVentAttn	7Networks_RH_SalVentAttn_FrOperIns_3	155	17Networks_RH_SalVentAttnB_Ins_2	SalVentAttnB
155	RH_SalVentAttn_FrOperIns_4	SalVentAttn	7Networks_RH_SalVentAttn_FrOperIns_4	146	17Networks_RH_SalVentAttnA_FrOper_1	SalVentAttnA
156	RH_SalVentAttn_Med_1	SalVentAttn	7Networks_RH_SalVentAttn_Med_1	147	17Networks_RH_SalVentAttnA_FrMed_1	SalVentAttnA
157	RH_SalVentAttn_Med_2	SalVentAttn	7Networks_RH_SalVentAttn_Med_2	149	17Networks_RH_SalVentAttnA_ParMed_2	SalVentAttnA
158	RH_SalVentAttn_Med_3	SalVentAttn	7Networks_RH_SalVentAttn_Med_3	150	17Networks_RH_SalVentAttnA_FrMed_2	SalVentAttnA
159	RH_Limbic_OFC_1	Limbic	7Networks_RH_Limbic_OFC_1	157	17Networks_RH_LimbicB_OFC_1	LimbicB
160	RH_Limbic_OFC_2	Limbic	7Networks_RH_Limbic_OFC_2	158	17Networks_RH_LimbicB_OFC_2	LimbicB
161	RH_Limbic_OFC_3	Limbic	7Networks_RH_Limbic_OFC_3	160	17Networks_RH_LimbicB_OFC_4	LimbicB
162	RH_Limbic_TempPole_1	Limbic	7Networks_RH_Limbic_TempPole_1	161	17Networks_RH_LimbicA_TempPole_1	LimbicA
163	RH_Limbic_TempPole_2	Limbic	7Networks_RH_Limbic_TempPole_2	162	17Networks_RH_LimbicA_TempPole_2	LimbicA
164	RH_Limbic_TempPole_3	Limbic	7Networks_RH_Limbic_TempPole_3	163	17Networks_RH_LimbicA_TempPole_3	LimbicA
165	RH_Cont_Par_1	Cont	7Networks_RH_Cont_Par_1	151	17Networks_RH_SalVentAttnB_IPL_1	SalVentAttnB
166	RH_Cont_Par_2	Cont	7Networks_RH_Cont_Par_2	174	17Networks_RH_ContB_IPL_2	ContB
167	RH_Cont_Par_3	Cont	7Networks_RH_Cont_Par_3	165	17Networks_RH_ContA_IPS_1	ContA
168	RH_Cont_Temp_1	Cont	7Networks_RH_Cont_Temp_1	172	17Networks_RH_ContB_Temp_2	ContB
169	RH_Cont_PFCv_1	Cont	7Networks_RH_Cont_PFCv_1	154	17Networks_RH_SalVentAttnB_Ins_1	SalVentAttnB
170	RH_Cont_PFCl_1	Cont	7Networks_RH_Cont_PFCl_1	177	17Networks_RH_ContB_PFClv_1	ContB
171	RH_Cont_PFCl_2	Cont	7Networks_RH_Cont_PFCl_2	178	17Networks_RH_ContB_PFClv_2	ContB
172	RH_Cont_PFCl_3	Cont	7Networks_RH_Cont_PFCl_3	152	17Networks_RH_SalVentAttnB_PFClv_1	SalVentAttnB
173	RH_Cont_PFCl_4	Cont	7Networks_RH_Cont_PFCl_4	169	17Networks_RH_ContA_PFCl_2	ContA
174	RH_Cont_PFCl_5	Cont	7Networks_RH_Cont_PFCl_5	153	17Networks_RH_SalVentAttnB_PFCl_1	SalVentAttnB
175	RH_Cont_PFCl_6	Cont	7Networks_RH_Cont_PFCl_6	175	17Networks_RH_ContB_PFCld_1	ContB
176	RH_Cont_PFCl_7	Cont	7Networks_RH_Cont_PFCl_7	176	17Networks_RH_ContB_PFCld_2	ContB
177	RH_Cont_pCun_1	Cont	7Networks_RH_Cont_pCun_1	181	17Networks_RH_ContC_pCun_1	ContC
178	RH_Cont_Cing_1	Cont	7Networks_RH_Cont_Cing_1	183	17Networks_RH_ContC_Cingp_1	ContC
179	RH_Cont_Cing_2	Cont	7Networks_RH_Cont_Cing_2	170	17Networks_RH_ContA_Cingm_1	ContA
180	RH_Cont_PFCmp_1	Cont	7Networks_RH_Cont_PFCmp_1	156	17Networks_RH_SalVentAttnB_PFCmp_1	SalVentAttnB
181	RH_Cont_PFCmp_2	Cont	7Networks_RH_Cont_PFCmp_2	179	17Networks_RH_ContB_PFCmp_1	ContB
182	RH_Default_Par_1	Default	7Networks_RH_Default_Par_1	194	17Networks_RH_DefaultC_IPL_1	DefaultC
183	RH_Default_Par_2	Default	7Networks_RH_Default_Par_2	184	17Networks_RH_DefaultA_IPL_1	DefaultA
184	RH_Default_Par_3	Default	7Networks_RH_Default_Par_3	173	17Networks_RH_ContB_IPL_1	ContB
185	RH_Default_Temp_1	Default	7Networks_RH_Default_Temp_1	191	17Networks_RH_DefaultB_AntTemp_1	DefaultB
186	RH_Default_Temp_2	Default	7Networks_RH_Default_Temp_2	171	17Networks_RH_ContB_Temp_1	ContB
187	RH_Default_Temp_3	Default	7Networks_RH_Default_Temp_3	197	17Networks_RH_TempPar_1	TempPar
188	RH_Default_Temp_4	Default	7Networks_RH_Default_Temp_4	190	17Networks_RH_DefaultB_Temp_1	DefaultB
189	RH_Default_Temp_5	Default	7Networks_RH_Default_Temp_5	198	17Networks_RH_TempPar_2	TempPar
190	RH_Default_PFCv_1	Default	7Networks_RH_Default_PFCv_1	193	17Networks_RH_DefaultB_PFCv_1	DefaultB
191	RH_Default_PFCdPFCm_1	Default	7Networks_RH_Default_PFCdPFCm_1	159	17Networks_RH_LimbicB_OFC_3	LimbicB
192	RH_Default_PFCdPFCm_2	Default	7Networks_RH_Default_PFCdPFCm_2	187	17Networks_RH_DefaultA_PFCm_1	DefaultA
193	RH_Default_PFCdPFCm_3	Default	7Networks_RH_Default_PFCdPFCm_3	188	17Networks_RH_DefaultA_PFCm_2	DefaultA
194	RH_Default_PFCdPFCm_4	Default	7Networks_RH_Default_PFCdPFCm_4	189	17Networks_RH_DefaultA_PFCm_3	DefaultA
195	RH_Default_PFCdPFCm_5	Default	7Networks_RH_Default_PFCdPFCm_5	192	17Networks_RH_DefaultB_PFCd_1	DefaultB
196	RH_Default_PFCdPFCm_6	Default	7Networks_RH_Default_PFCdPFCm_6	185	17Networks_RH_DefaultA_PFCd_1	DefaultA
197	RH_Default_PFCdPFCm_7	Default	7Networks_RH_Default_PFCdPFCm_7	180	17Networks_RH_ContB_PFCld_3	ContB
198	RH_Default_pCunPCC_1	Default	7Networks_RH_Default_pCunPCC_1	195	17Networks_RH_DefaultC_Rsp_1	DefaultC
199	RH_Default_pCunPCC_2	Default	7Networks_RH_Default_pCunPCC_2	186	17Networks_RH_DefaultA_pCunPCC_1	DefaultA
200	RH_Default_pCunPCC_3	Default	7Networks_RH_Default_pCunPCC_3	182	17Networks_RH_ContC_pCun_2	ContC
